MeasureId,MeasureLocation,MeasureDate,County,Township,MeasureAddress,RadiatorTypeName,PowerDensityMax,ItemUnit,Legal
D01051,臺南市玉井區臺84線及南182-1鄉道附近(2),2018-10-26,臺南市,玉井區,臺84線及南182-1鄉道附近(相鄰兩座中，高處的維修平臺是圓形的塔),手機基地臺,1.4E-06,mW/cm<sup>2</sup>,True
N01028,彰化縣花壇鄉中山路一段380號(全家),2018-11-14,彰化縣,花壇鄉,中山路一段380號,無線區域網路(Wi-Fi),3E-07,mW/cm<sup>2</sup>,True
N01025,彰化縣永靖鄉西門路97號(7-11),2018-11-13,彰化縣,永靖鄉,西門路97號,無線區域網路(Wi-Fi),2E-07,mW/cm<sup>2</sup>,True
N01024,彰化縣永靖鄉永坡路2號(7-11),2018-11-13,彰化縣,永靖鄉,永坡路2號,無線區域網路(Wi-Fi),6E-07,mW/cm<sup>2</sup>,True
O01064,新竹市北大路與府後街路口落地型變壓器量測,2018-11-06,新竹市,北區,新竹市北大路與府後街路口,落地型變壓器,6.85,mG,True
N01023,彰化縣永靖鄉中山路二段435號(7-11),2018-11-13,彰化縣,永靖鄉,中山路二段435號,無線區域網路(Wi-Fi),1.1E-06,mW/cm<sup>2</sup>,True
D01052,臺南市玉井區臺84線及南182-1鄉道附近(3),2018-10-26,臺南市,玉井區,臺84線及南182-1鄉道附近(相鄰兩座中，高處的維修平臺是三角形的塔),手機基地臺,1.1E-06,mW/cm<sup>2</sup>,True
D01050,臺南市玉井區臺84線及南182-1鄉道附近(1),2018-10-26,臺南市,玉井區,臺84線及南182-1鄉道附近(三座塔當中最靠近北方且單獨座落的塔),手機基地臺,1.5E-06,mW/cm<sup>2</sup>,True
O01078,新竹市育英路落地型變壓器量測,2018-11-15,新竹市,北區,新竹市育英路72號前(近天公壇),落地型變壓器,101.2,mG,True
D01049,臺南市永康區大灣路942巷169弄(國道一號附近),2018-11-02,臺南市,永康區,大灣路942巷169弄(國道一號附近),手機基地臺,2.1E-06,mW/cm<sup>2</sup>,True
D01048,臺南市永康區永二街245巷,2018-11-02,臺南市,永康區,永二街245巷,手機基地臺,2.6E-06,mW/cm<sup>2</sup>,True
O01077,新竹市寶山路452巷落地型變壓器量測,2018-11-15,新竹市,東區,新竹市寶山路452巷與高翠路73巷2弄,落地型變壓器,10.49,mG,True
O01067,新竹市北大路與演藝路路口落地型變壓器量測,2018-11-14,新竹市,北區,新竹市北大路與演藝路路口,落地型變壓器,6.95,mG,True
O01066,新竹市中央路與文化街口落地型變壓器量測,2018-11-06,新竹市,北區,新竹市中央路與文化街口,落地型變壓器,3.86,mG,True
O01065,新竹市文化街與世界街路口落地型變壓器量測,2018-11-06,新竹市,東區,新竹市文化街與世界街路口,落地型變壓器,5.99,mG,True
O01075,新竹市建功二路與建功路落地型變壓器量測,2018-11-13,新竹市,東區,新竹市建功二路與建功路路口(建功高中旁),落地型變壓器,9.96,mG,True
O01074,新竹市建功一路落地型變壓器量測,2018-11-13,新竹市,東區,新竹市建功一路與水源街、新源街路口,落地型變壓器,3.11,mG,True
O01071,新竹市金農路落地型變壓器量測,2018-11-06,新竹市,北區,新竹市金農路與金農路42巷,落地型變壓器,7.45,mG,True
O01069,新竹市東大路二段與錦華街路口落地型變壓器量測,2018-11-06,新竹市,北區,新竹市東大路二段與錦華街5巷路口,落地型變壓器,6.31,mG,True
O01061,新竹市林森路落地型變壓器量測(台灣銀行新竹分行前),2018-11-06,新竹市,東區,新竹市林森路台灣銀行新竹分行前,落地型變壓器,3.45,mG,True
O01059,新竹市中華路四段與華北路路口落地型變壓器量測,2018-11-06,新竹市,東區,新竹市中華路四段與華北路路口,落地型變壓器,6.75,mG,True
O01054,新竹市中華路4段與台灣玻璃對面落地型變壓器量測,2018-11-05,新竹市,香山區,新竹市中華路4段與台灣玻璃對面,落地型變壓器,10.2,mG,True
X10248,澎湖縣湖西鄉沙港國民小學,2018-11-06,澎湖縣,湖西鄉,鼎灣村75號,學校極低頻設施,26.6,mG,True
N01019,彰化縣彰化市四維路69巷2號(全家),2018-11-07,彰化縣,彰化市,四維路69巷2號,無線區域網路(Wi-Fi),3.7E-06,mW/cm<sup>2</sup>,True
N01018,彰化縣彰化市光復路118號(OK),2018-11-07,彰化縣,彰化市,光復路118號,無線區域網路(Wi-Fi),5.1E-06,mW/cm<sup>2</sup>,True
N01014,彰化縣彰化市茄苳路一段276號(7-11),2018-11-06,彰化縣,彰化市,茄苳路一段276號,無線區域網路(Wi-Fi),2E-07,mW/cm<sup>2</sup>,True
X10246,澎湖縣馬公市五德國民小學,2018-10-24,澎湖縣,馬公市,五德里32號,學校極低頻設施,19,mG,True
N01020,彰化縣員林市三民街20號(7-11),2018-11-13,彰化縣,員林鎮,三民街20號,無線區域網路(Wi-Fi),1.8E-06,mW/cm<sup>2</sup>,True
X10243,澎湖縣西嶼鄉外垵國民小學,2018-10-17,澎湖縣,西嶼鄉,外垵村29-3號,學校極低頻設施,6.4,mG,True
Q10329,溪口鄉產業道旁手機基地台,2018-10-30,嘉義縣,溪口鄉,溪口鄉產業道旁,手機基地臺,0.0019,mW/cm<sup>2</sup>,True
D01046,臺南市白河區165縣道及南90縣道附近,2018-10-30,臺南市,白河區,165縣道及南90縣道附近,手機基地臺,1.1E-06,mW/cm<sup>2</sup>,True
D01045,臺南市白河區甘宅里165縣道美雅家具觀光工廠斜對面,2018-10-30,臺南市,白河區,甘宅里165縣道美雅家具觀光工廠斜對面,手機基地臺,0.008,mW/cm<sup>2</sup>,True
Q10333,朴子市故宮大道故宮南院側門M30411落地形變電箱,2018-11-02,嘉義縣,朴子市,朴子市故宮大道故宮南院側門,落地型變壓器,4.712,mG,True
P10375,西螺鎮游泳池外停車處_落地型變壓器(K3165C BB0365),2018-10-24,雲林縣,西螺鎮,游泳池外停車處,落地型變壓器,1.746,mG,True
P10372,西螺鎮明進冷凍設備旁_落地型變壓器(K3163D GB63),2018-10-24,雲林縣,西螺鎮,明進冷凍設備旁,落地型變壓器,1.651,mG,True
Q10324,鹿草鄉馬稠後82快交流系統下手機基地台,2018-09-29,嘉義縣,鹿草鄉,鹿草鄉馬稠後82快交流系統下,手機基地臺,0.0013,mW/cm<sup>2</sup>,True
Q10323,義竹鄉產業道路手機基地台,2018-09-29,嘉義縣,義竹鄉,義竹鄉產業道路嘉29縣道與163縣道處,手機基地臺,0.00309,mW/cm<sup>2</sup>,True
P10371,莿桐鄉三和137號前_落地型變壓器(K3260B FD40),2018-10-24,雲林縣,莿桐鄉,三和137號前,落地型變壓器,4.099,mG,True
N01022,彰化縣員林市中山路一段300號(7-11),2018-11-13,彰化縣,員林鎮,中山路一段300號,無線區域網路(Wi-Fi),9E-07,mW/cm<sup>2</sup>,True
D01041,臺南市玉井區臺84線臺灣中油新玉井站對面,2018-10-26,臺南市,玉井區,臺84線臺灣中油新玉井站對面,手機基地臺,1.4E-06,mW/cm<sup>2</sup>,True
Q10332,民雄鄉三豐路落K3012地形變電箱,2018-10-31,嘉義縣,民雄鄉,三豐路與瑞豐路口,落地型變壓器,0.508,mG,True
Q10331,民農一街與神農二街口手機基地台,2018-10-31,嘉義縣,民雄鄉,民農一街與神農二街口,手機基地臺,0.0019,mW/cm<sup>2</sup>,True
P10369,莿桐鄉天送鐘錶刻印行對面_落地型變壓器(K3557C BB81),2018-10-24,雲林縣,莿桐鄉,天送鐘錶刻印行對面,落地型變壓器,3.875,mG,True
Q10317,太保市市政路19167電線桿旁,2018-09-12,嘉義縣,太保市,太保市春珠麻寮路上,落地型變壓器,2.982,mG,True
X10241,澎湖縣馬公市中興國民小學,2018-10-12,澎湖縣,馬公市,光復路186號,學校極低頻設施,10,mG,True
X10240,澎湖縣白沙鄉講美國民小學,2018-10-12,澎湖縣,白沙鄉,講美村141-1號,學校極低頻設施,4.8,mG,True
P10362,元長鄉農會供銷部雲172號道路旁_落地形變壓器(K1232 AA02),2018-10-23,雲林縣,元長鄉,元長鄉農會供銷部,落地型變壓器,1.676,mG,True
M10224,南投縣南投市民族路289號(7-11),2018-08-08,南投縣,南投市,民族路289號,無線區域網路(Wi-Fi),1E-06,mW/cm<sup>2</sup>,True
M10222,南投縣南投市民族路515號(7-11),2018-08-08,南投縣,南投市,民族路515號,無線區域網路(Wi-Fi),4E-07,mW/cm<sup>2</sup>,True
M10221,南投縣南投市南崗二路581號(7-11),2018-08-07,南投縣,南投市,南崗二路581號,無線區域網路(Wi-Fi),2E-07,mW/cm<sup>2</sup>,True
M10219,南投縣南投市祖祠路16之4號(7-11),2018-08-06,南投縣,南投市,祖祠路16之4號,無線區域網路(Wi-Fi),5.2E-06,mW/cm<sup>2</sup>,True
P10354,斗六市巧新二廠雲科路三段旁_落地形變壓器(K3749 BD5452),2018-10-18,雲林縣,斗六市,巧新科二廠雲科路三段旁,落地型變壓器,3.925,mG,True
M10218,南投市復興路342號(全家),2018-08-06,南投縣,南投市,南投市復興路342號,無線區域網路(Wi-Fi),2.4E-06,mW/cm<sup>2</sup>,True
P10353,斗六市旭硝子斗六二廠北側PD05廢水放流口_落地形變壓器(K3649 HC3925),2018-10-18,雲林縣,斗六市,旭硝子斗六二廠北側PD05廢水放流口,落地型變壓器,2.562,mG,True
M10217,南投縣南投市三和二路30號(郵局),2018-08-06,南投縣,南投市,南投縣南投市三和二路30號,無線區域網路(Wi-Fi),1.15E-05,mW/cm<sup>2</sup>,True
P10356,斗六市豐泰企業前_落地形變壓器(K3849 CD81),2018-10-19,雲林縣,斗六市,斗六市台三線豐泰企業前,落地型變壓器,1.917,mG,True
M10226,南投縣南投市育樂路99號(全家),2018-08-08,南投縣,南投市,育樂路99號,無線區域網路(Wi-Fi),4.4E-06,mW/cm<sup>2</sup>,True
M10225,南投縣南投市復興路311號(7-11),2018-08-08,南投縣,南投市,復興路311號,無線區域網路(Wi-Fi),3E-07,mW/cm<sup>2</sup>,True
P10355,斗六市西平路560號前_落地形變壓器(K3848 EE2902),2018-10-19,雲林縣,斗六市,西平路560號,落地型變壓器,3.614,mG,True
M10223,南投縣南投市彰南路一段573號(7-11),2018-08-08,南投縣,南投市,彰南路一段573號,無線區域網路(Wi-Fi),4.3E-06,mW/cm<sup>2</sup>,True
P10352,斗六市崙仔橋南側_落地形變壓器(K3647 DB8858),2018-10-18,雲林縣,斗六市,崙仔橋南側,落地型變壓器,4.5,mG,True
P10350,斗六市味全廠大門斜對面_落地形變壓器(K3642 BD77),2018-10-18,雲林縣,斗六市,斗六市味全廠大門斜對面,落地型變壓器,2.119,mG,True
P10349,莿桐鄉東籬建案斜對面_落地形變壓器(K3551 EC74),2018-10-18,雲林縣,莿桐鄉,莿桐鄉東籬建案斜對面,落地型變壓器,3.181,mG,True
P10344,土庫鎮中油加油站旁_落地形變壓器(K2193B FC2965),2018-10-17,雲林縣,土庫鎮,土庫鎮台灣中油加油站(直營店),落地型變壓器,1.674,mG,True
U10550,東興三街與林園一街口落地型變壓器量測,2018-08-28,花蓮縣,花蓮市,東興三街與林園一街口,落地型變壓器,7.1,mG,True
D01034,臺南市安南區安中路五段康寧大學旁(2),2018-10-08,臺南市,安南區,安中路五段康寧大學旁(細的塔),手機基地臺,7E-07,mW/cm<sup>2</sup>,True
D01033,臺南市安南區安中路五段康寧大學旁(1),2018-10-08,臺南市,安南區,安中路五段康寧大學旁(粗的塔),手機基地臺,6E-07,mW/cm<sup>2</sup>,True
P10347,莿桐鄉東衛傳播公司前_落地形變壓器(K3652D FB82),2018-10-18,雲林縣,莿桐鄉,莿桐鄉東衛傳播公司,落地型變壓器,2.782,mG,True
P10346,莿桐鄉大美23-2號旁_落地形變壓器(K3652D HB1600),2018-10-18,雲林縣,莿桐鄉,莿桐鄉大美23-2號旁,落地型變壓器,3.338,mG,True
P10345,莿桐鄉大美斗六聯絡道路站(公車站)旁_落地形變壓器(K3752C AC91),2018-10-18,雲林縣,莿桐鄉,莿桐鄉大美斗六聯絡道路站(公車站)旁,落地型變壓器,2.474,mG,True
U10549,民族路與中美一街口落地型變壓器量測,2018-08-28,花蓮縣,花蓮市,民族路與中美一街口,落地型變壓器,3.9,mG,True
X10238,湖西鄉湖東村基地台-2,2018-10-04,澎湖縣,湖西鄉,湖東村,手機基地臺,0.05,mW/cm<sup>2</sup>,True
X10237,湖西鄉湖東村基地台-1,2018-10-04,澎湖縣,湖西鄉,湖東村,手機基地臺,0.066,mW/cm<sup>2</sup>,True
X10236,湖西鄉沙港村基地台,2018-10-04,澎湖縣,湖西鄉,沙港村,手機基地臺,0.032,mW/cm<sup>2</sup>,True
P10343,土庫鎮鎮民代表會前_落地形變壓器(K2140C BB1272),2018-10-17,雲林縣,土庫鎮,土庫鎮鎮民代表會前,落地型變壓器,1.678,mG,True
P10342,古坑鄉省記甕仔雞斜對面_落地形變壓器(K4036 AE34),2018-10-12,雲林縣,古坑鄉,古坑鄉省記甕仔雞斜對面,落地型變壓器,1.8,mG,True
P10340,古坑鄉森發傢俱行前_落地形變壓器(K4331 AB3681),2018-10-12,雲林縣,古坑鄉,古坑鄉森發傢俱行,落地型變壓器,3.827,mG,True
P10341,古坑鄉中華路口與中山路口(中華電信下)_落地形變壓器(K4331 AB4875),2018-10-12,雲林縣,古坑鄉,古坑鄉中華路口與中山路口(中華電信下),落地型變壓器,3.396,mG,True
P10339,古坑鄉中山路6-4號對面(K4230FC8464),2018-10-11,雲林縣,古坑鄉,古坑鄉中山路6-4號對面,落地型變壓器,1.665,mG,True
D01032,臺南市安南區北汕尾二路800巷,2018-10-08,臺南市,安南區,北汕尾二路800巷,手機基地臺,2E-06,mW/cm<sup>2</sup>,True
D01031,臺南市安南區四草里四草大道80巷,2018-10-08,臺南市,安南區,四草里四草大道80巷,手機基地臺,2.7E-06,mW/cm<sup>2</sup>,True
D01029,臺南市新市區國道8號與新港社大道旁,2018-10-01,臺南市,新市區,國道8號與新港社大道旁,手機基地臺,8E-07,mW/cm<sup>2</sup>,True
U10547,化道路與中美路口落地型變壓器量測,2018-08-28,花蓮縣,花蓮市,化道路與中美路口,落地型變壓器,68,mG,True
U10546,化道路與中美三街口落地型變壓器量測,2018-08-28,花蓮縣,花蓮市,化道路與中美三街口,落地型變壓器,7.6,mG,True
O01047,新竹市香山區延平路二段963號對面落地型變壓器量測,2018-04-19,新竹市,香山區,新竹市香山區延平路二段963號對面,落地型變壓器,5.96,mG,True
O01044,新竹市延平路二段811巷口落地型變壓器量測,2018-04-18,新竹市,香山區,新竹市延平路二段811巷口,落地型變壓器,3.26,mG,True
O01043,新竹市延平路二段865巷口落地型變壓器量測,2018-04-18,新竹市,香山區,新竹市延平路二段865巷口(空軍圍牆旁),落地型變壓器,5.66,mG,True
P10348,莿桐鄉亞世家企業停車場外_落地形變壓器(K3652C DA14),2018-10-18,雲林縣,莿桐鄉,莿桐鄉亞世家企業停車場外,落地型變壓器,4.027,mG,True
O01046,新竹市延平路二段落地型變壓器量測,2018-04-16,新竹市,香山區,新竹市延平路二段(近海巡署北部分署第八岸巡隊),落地型變壓器,5.21,mG,True
X10235,白沙鄉瓦硐村基地台,2018-09-28,澎湖縣,白沙鄉,瓦硐村,手機基地臺,0.066,mW/cm<sup>2</sup>,True
O01042,新竹市延平路二段865號對面落地型變壓器量測,2018-04-16,新竹市,東區,新竹市延平路二段865號對面,落地型變壓器,2.84,mG,True
O01041,新竹市延平路二段681號前落地型變壓器量測,2018-04-16,新竹市,香山區,新竹市延平路二段681號前(指澤宮前),落地型變壓器,5.01,mG,True
D01030,臺南市新市區大社里470號南140鄉道,2018-10-01,臺南市,新市區,大社里470號南140鄉道,手機基地臺,3E-07,mW/cm<sup>2</sup>,True
U10548,化道路與中美二街口落地型變壓器量測,2018-08-28,花蓮縣,花蓮市,化道路與中美二街口,落地型變壓器,38.6,mG,True
O01039,新竹市南勢十街量測,2018-04-17,新竹市,北區,新竹市南勢十街與南勢十二街路口,落地型變壓器,0,mG,True
O01038,新竹市香山區延平路二段華江街路口量測,2018-04-17,新竹市,香山區,新竹市香山區延平路二段華江街路口,落地型變壓器,5.48,mG,True
P10357,斗六市虎溪豐泰公車站旁_落地形變壓器(K3849 CD73),2018-10-19,雲林縣,斗六市,虎溪豐泰公車站旁,落地型變壓器,7.417,mG,True
O01040,新竹市延平路一段375巷落地型變壓器量測,2018-04-12,新竹市,北區,新竹市延平路一段375巷與南勢街路口,落地型變壓器,6.31,mG,True
P10358,二崙鄉仁和路330號旁_落地形變壓器(K2459C AB53),2018-10-19,雲林縣,二崙鄉,仁和路330號旁,落地型變壓器,1.676,mG,True
N01017,彰化縣彰化市泰和路一段182號1樓(全家),2018-11-07,彰化縣,彰化市,泰和路一段182號1樓,無線區域網路(Wi-Fi),4E-07,mW/cm<sup>2</sup>,True
M10205,草屯鎮府西路23號,2018-05-04,南投縣,草屯鎮,府西路23號,落地型變壓器,18.62,mG,True
M10206,草屯鎮中興路322號,2018-05-04,南投縣,南投市,中興路322號,落地型變壓器,21.6,mG,True
M10199,南投市三和二路二街21號對面,2018-04-10,南投縣,南投市,三和二路二街21號,落地型變壓器,35.5,mG,True
M10198,南投市三和二路85號對面,2018-04-10,南投縣,南投市,三和二路85號,落地型變壓器,14.22,mG,True
M10204,南投市育樂路71巷口,2018-04-19,南投縣,南投市,育樂路71,落地型變壓器,33.7,mG,True
M10196,南投市三和一路24號對面,2018-04-03,南投縣,南投市,南投市三和一路24號,落地型變壓器,60.3,mG,True
M10193,南投市文化南路51巷路口,2018-04-03,南投縣,南投市,南投市文化南路51巷,落地型變壓器,14.32,mG,True
M10202,南投市民生路60-2號,2018-04-19,南投縣,南投市,民生路60-2號,落地型變壓器,40.9,mG,True
M10215,南投市營中路166號,2018-05-24,南投縣,南投市,營中路166號,站臺式變壓器,14.35,mG,True
M10200,南投市果稟路101號,2018-04-17,南投縣,南投市,果稟路101號,落地型變壓器,5.93,mG,True
M10195,南投市中山南街147號,2018-04-03,南投縣,南投市,南投市中山南街147號,落地型變壓器,73.5,mG,True
M10194,南投市文化南路104巷路口,2018-04-03,南投縣,南投市,南投市文化南路104巷路口,落地型變壓器,34.7,mG,True
M10192,草屯鎮太平路一段133號,2018-03-19,南投縣,草屯鎮,草屯鎮太平路一段133號,落地型變壓器,16.32,mG,True
M10214,草屯鎮太平路一段351巷139號,2018-05-24,南投縣,草屯鎮,太平路一段351巷139號,站臺式變壓器,5.66,mG,True
M10213,草屯鎮富林路三段40號,2018-05-24,南投縣,草屯鎮,富林路三段40號,站臺式變壓器,1.33,mG,True
M10212,南投市南新路351巷9號,2018-05-16,南投縣,南投市,南新路351巷9號,站臺式變壓器,1.56,mG,True
M10209,南投市光明南路12號,2018-05-16,南投縣,南投市,光明南路12號,站臺式變壓器,4.25,mG,True
M10210,南投市華陽路320號,2018-05-16,南投縣,南投市,華陽路320號,站臺式變壓器,2.42,mG,True
M10211,南投市彰南路二段407號,2018-05-16,南投縣,南投市,彰南路二段407號,站臺式變壓器,2.49,mG,True
M10203,南投市信義街351巷,2018-04-19,南投縣,南投市,信義街351巷,落地型變壓器,32.2,mG,True
M10220,南投縣南投市南崗二路403號(全家),2018-08-07,南投縣,南投市,南崗二路403號,無線區域網路(Wi-Fi),2.2E-06,mW/cm<sup>2</sup>,True
P10351,20181018_斗六市長平派出所旁_落地形變壓器(K3544 GD69),2018-10-18,雲林縣,斗六市,斗六市長平派出所旁,落地型變壓器,3.843,mG,True
N01027,彰化縣花壇鄉中正路356號(全家),2018-11-14,彰化縣,花壇鄉,中正路356號,無線區域網路(Wi-Fi),4E-07,mW/cm<sup>2</sup>,True
N01026,彰化縣永靖鄉永福路一段157號(全家),2018-11-13,彰化縣,永靖鄉,永福路一段157號,無線區域網路(Wi-Fi),3E-07,mW/cm<sup>2</sup>,True
O01055,新竹市中華路4段與東華路路口落地型變壓器量測,2018-11-05,新竹市,香山區,新竹市中華路4段與東華路路口,落地型變壓器,1.91,mG,True
X10247,澎湖縣隘門國民小學,2018-11-09,澎湖縣,湖西鄉,隘門村15號,學校極低頻設施,7.1,mG,True
H01222,A10山鼻站,2018-10-26,桃園市,蘆竹區,南山路三段155號,鐵路/捷運系統,2.9,mG,True
D01039,臺南市麻豆區新生北路省道19甲,2018-10-23,臺南市,麻豆區,新生北路省道19甲,手機基地臺,6E-07,mW/cm<sup>2</sup>,True
H01219,A15大園站,2018-10-26,桃園市,大園區,橫湳路一段50號,鐵路/捷運系統,1.3,mG,True
M10236,南投縣竹山鎮大智路57號(7-11),2018-10-19,南投縣,竹山鎮,大智路57號,無線區域網路(Wi-Fi),9E-07,mW/cm<sup>2</sup>,True
M10235,南投縣竹山鎮集山路三段129號(全家),2018-10-19,南投縣,竹山鎮,集山路三段129號,無線區域網路(Wi-Fi),2.5E-06,mW/cm<sup>2</sup>,True
M10234,南投縣竹山鎮集山路二段58號(7-11),2018-10-19,南投縣,竹山鎮,集山路二段58號,無線區域網路(Wi-Fi),1.4E-06,mW/cm<sup>2</sup>,True
M10233,南投縣竹山鎮延正路45之30號(7-11),2018-10-01,南投縣,竹山鎮,延正路45之30號,無線區域網路(Wi-Fi),5E-06,mW/cm<sup>2</sup>,True
M10232,南投縣南投市中山一街6號(中華電信),2018-09-21,南投縣,南投市,中山一街6號,無線區域網路(Wi-Fi),2.7E-06,mW/cm<sup>2</sup>,True
M10231,南投縣南投市彰南路三段53號(全家),2018-09-21,南投縣,南投市,彰南路三段53號,無線區域網路(Wi-Fi),5E-07,mW/cm<sup>2</sup>,True
M10230,南投縣草屯鎮中正路885號(7-11),2018-09-13,南投縣,草屯鎮,中正路885號,無線區域網路(Wi-Fi),4E-07,mW/cm<sup>2</sup>,True
V00968,瀧溪火車站旁,2018-10-25,臺東縣,太麻里鄉,多良村大溪37號,手機基地臺,0.00174,mW/cm<sup>2</sup>,True
O01049,新竹市中華路與五福路口落地型變壓器量測,2018-11-05,新竹市,香山區,新竹市中華路六段與五福路路口(天橋下),落地型變壓器,2.61,mG,True
N01016,彰化縣彰化市中山路三段306號(7-11),2018-11-06,彰化縣,彰化市,中山路三段306號,無線區域網路(Wi-Fi),2.6E-06,mW/cm<sup>2</sup>,True
D01047,臺南市官田區八田路與南119縣道附近,2018-10-26,臺南市,官田區,八田路與南119縣道附近,手機基地臺,1.1E-06,mW/cm<sup>2</sup>,True
N01021,彰化縣員林市莒光路379號(7-11),2018-11-13,彰化縣,員林鎮,莒光路379號,無線區域網路(Wi-Fi),6E-07,mW/cm<sup>2</sup>,True
P10373,西螺鎮立峯汽車電機行前_落地型變壓器(K3163D GB38),2018-10-24,雲林縣,西螺鎮,立峯汽車電機行前,落地型變壓器,1.66,mG,True
P10366,土庫鎮復興路往市區方向道路旁_落地形變壓器(K2140 AD22),2018-10-23,雲林縣,土庫鎮,復興路往市區方向道路旁,落地型變壓器,1.686,mG,True
P10365,土庫鎮農田水利會土庫工作站_落地形變壓器(K2139A DD3085),2018-10-23,雲林縣,土庫鎮,農田水利會土庫工作站,落地型變壓器,1.676,mG,True
P10364,元長鄉農田水利會中坑工作站外_落地形變壓器(K1330 CD06),2018-10-23,雲林縣,元長鄉,元長鄉農田水利會中坑工作站,落地型變壓器,1.672,mG,True
P10363,元長鄉雲172號道路旁1.5公里處_落地形變壓器(K1231 FB28),2018-10-23,雲林縣,元長鄉,雲172號道路旁1.5公里處,落地型變壓器,1.659,mG,True
P10361,西螺鎮延平路237號前_落地形變壓器(K2966B HC37),2018-10-19,雲林縣,西螺鎮,延平路237號,落地型變壓器,2.762,mG,True
M10227,南投縣草屯鎮中正路629號(中華電信),2018-09-13,南投縣,草屯鎮,中正路629號,無線區域網路(Wi-Fi),1.3E-06,mW/cm<sup>2</sup>,True
N01015,彰化縣彰化市實踐路48號(全家),2018-11-06,彰化縣,彰化市,實踐路48號,無線區域網路(Wi-Fi),2E-06,mW/cm<sup>2</sup>,True
X10245,澎湖縣西嶼鄉大池國民小學,2018-10-22,澎湖縣,西嶼鄉,大池村129號,學校極低頻設施,6.5,mG,True
X10244,澎湖縣湖西鄉西溪國民小學,2018-10-19,澎湖縣,湖西鄉,西溪村129號,學校極低頻設施,11.5,mG,True
P10370,莿桐鄉日統客運埤源加油站牌處_落地型變壓器(K3260D FC50),2018-10-24,雲林縣,莿桐鄉,日統客運埤源加油站牌處,落地型變壓器,3.392,mG,True
P10374,西螺鎮大同路與興農西路路口_落地型變壓器(K3165C BB25),2018-10-24,雲林縣,西螺鎮,大同路與興農西路路口,落地型變壓器,6.422,mG,True
P10367,莿桐鄉農會前_落地形變壓器(K3556B ED79),2018-10-24,雲林縣,莿桐鄉,農會,落地型變壓器,2.688,mG,True
X10242,澎湖縣馬公市風櫃國民小學,2018-10-15,澎湖縣,馬公市,風櫃里66號,學校極低頻設施,6.4,mG,True
P10368,莿桐鄉消防分隊對面_落地型變壓器(K3557 BB72),2018-10-24,雲林縣,莿桐鄉,消防分隊,落地型變壓器,1.784,mG,True
Q10318,太保市台37縣與台鐵6路口手機基地台,2018-07-26,嘉義縣,太保市,太保市台37縣與台鐵6路口,手機基地臺,0.00262,mW/cm<sup>2</sup>,True
Q10316,太保市春珠麻寮路019233電線桿旁,2018-10-12,嘉義縣,太保市,太保市春珠麻寮路019233電線桿旁,落地型變壓器,3.807,mG,True
P10360,西螺鎮延平路429-1號前_落地形變壓器(K2966C AB8810),2018-10-19,雲林縣,西螺鎮,延平路429-1號,落地型變壓器,1.691,mG,True
P10359,西螺鎮福田里社口68-21號前_落地形變壓器(K2663 EC02),2018-10-19,雲林縣,西螺鎮,福田里社口68-21號,落地型變壓器,1.97,mG,True
H01226,中工變電所,2018-10-29,桃園市,中壢區,中壢工業區東園路25號,變電所,18.5,mG,True
H01225,中壢區青昇路與大仁路口落地型變壓器量測,2018-10-26,桃園市,中壢區,青昇路與大仁路交叉口,落地型變壓器,7.4,mG,True
H01224,中壢區青峰路一段與青心路口落地型變壓器量測,2018-10-29,桃園市,中壢區,青峰路一段與青心路交叉口,落地型變壓器,6.1,mG,True
H01223,A11坑口站,2018-10-26,桃園市,蘆竹區,坑菓路460號,鐵路/捷運系統,0.3,mG,True
H01221,A16橫山站,2018-10-26,桃園市,大園區,大竹南路1180號,鐵路/捷運系統,0.3,mG,True
D01038,臺南市麻豆區176縣道及成功路交叉路口,2018-10-23,臺南市,麻豆區,176縣道及成功路交叉路口,手機基地臺,8E-07,mW/cm<sup>2</sup>,True
D01037,臺南市官田區南118縣道北方田間小路(2),2018-10-23,臺南市,官田區,南118縣道北方第一條田間小路(細的塔),手機基地臺,1E-06,mW/cm<sup>2</sup>,True
D01036,臺南市官田區南118縣道北方田間小路(1),2018-10-23,臺南市,官田區,南118縣道北方第一條田間小路(粗的塔),手機基地臺,5E-07,mW/cm<sup>2</sup>,True
X10239,澎湖縣馬公市興仁國民小學,2018-10-09,澎湖縣,馬公市,烏崁里129號,學校極低頻設施,4.5,mG,True
M10229,南投縣草屯鎮虎山路766號(全家),2018-09-13,南投縣,草屯鎮,虎山路766號,無線區域網路(Wi-Fi),2.1E-06,mW/cm<sup>2</sup>,True
M10228,南投縣草屯鎮富御街218號(全家),2018-09-13,南投縣,草屯鎮,鎮富御街218號,無線區域網路(Wi-Fi),1.9E-06,mW/cm<sup>2</sup>,True
D01035,臺南市新市區嘉南大圳大洲排水線,2018-10-15,臺南市,新市區,嘉南大圳大洲排水線,手機基地臺,9E-07,mW/cm<sup>2</sup>,True
X10234,白沙鄉後寮村基地台,2018-09-28,澎湖縣,白沙鄉,後寮村,手機基地臺,0.093,mW/cm<sup>2</sup>,True
X10233,西嶼鄉竹灣村1-3號後基地台,2018-09-28,澎湖縣,西嶼鄉,竹灣村1-3號後,手機基地臺,0.047,mW/cm<sup>2</sup>,True
B01095,南屯區公益路二段298號(惠文高中),2018-10-09,臺中市,南屯區,公益路二段298號,落地型變壓器,37.07,mG,True
P10338,古坑鄉華山村94-1號斜對面(K4622 AA30),2018-10-11,雲林縣,古坑鄉,華山村94-1號,落地型變壓器,4.131,mG,True
H01217,新屋變電所,2018-10-15,桃園市,新屋區,新華路一段48號,變電所,59.3,mG,True
H01215,富岡變電所,2018-10-15,桃園市,楊梅區,民富路三段540號,變電所,33.5,mG,True
H01216,笨港變電所,2018-10-15,桃園市,新屋區,笨港村榕樹下6鄰36號,變電所,50.2,mG,True
H01218,A17領航站,2018-10-15,桃園市,大園區,領航北路四段351號,鐵路/捷運系統,2.8,mG,True
B01094,南屯區公益路二段296號(特殊教育學校),2018-10-09,臺中市,南屯區,公益路二段296號,落地型變壓器,16.45,mG,True
X10232,西嶼鄉內垵村基地台,2018-09-28,澎湖縣,西嶼鄉,內垵村,手機基地臺,0.18,mW/cm<sup>2</sup>,True
H01214,龍潭變電所,2018-10-15,桃園市,龍潭區,高原村中原路3段401號,變電所,33.8,mG,True
H01207,中壢區領航南路二段與新生路四段交叉口落地型變壓器量測,2018-07-10,桃園市,中壢區,中壢區領航南路二段與新生路四段交叉口,落地型變壓器,4.4,mG,True
U10544,化道路與中美九街口落地形變壓器量測,2018-08-23,花蓮縣,花蓮市,化道路與中美九街口,落地型變壓器,12.7,mG,True
U10543,化道路148-1號對面落地形變壓器量測,2018-08-23,花蓮縣,花蓮市,化道路148-1號對面,落地型變壓器,9.7,mG,True
X10231,湖西鄉湖西鄉公所前中華電信基地台,2018-09-25,澎湖縣,湖西鄉,湖西村77-16號,手機基地臺,0.041,mW/cm<sup>2</sup>,True
H01212,福安變電所,2018-10-15,桃園市,大溪區,復興路一段495號,變電所,28.5,mG,True
U10537,中山路與濟慈路口落地形變壓器量測,2018-08-21,花蓮縣,花蓮市,中山路與濟慈路口,落地型變壓器,1.9,mG,True
F01390,蘆洲變電所,2018-06-06,新北市,蘆洲區,溪墘村5鄰信義路78號,變電所,14.7,mG,True
H01211,東社變電所,2018-10-15,桃園市,平鎮區,東龍街1146號,變電所,29.5,mG,True
H01209,普仁變電所,2018-07-26,桃園市,中壢區,後興路二段525號,變電所,26.2,mG,True
O01037,新竹市延平路一段317巷與南勢街路口量測,2018-04-11,新竹市,北區,新竹市延平路一段317巷與南勢街路口(近竹香北路),落地型變壓器,3.12,mG,True
U10540,化道路與中美五街口落地形變壓器量測,2018-08-21,花蓮縣,花蓮市,化道路與中美五街口,落地型變壓器,8.7,mG,True
F01389,安康變電所,2018-05-23,新北市,新店區,安豐路72號,變電所,11.49,mG,True
X10230,馬公市民族路中華電信基地台,2018-09-21,澎湖縣,馬公市,民族路,手機基地臺,0.45,mW/cm<sup>2</sup>,True
X10229,馬公市風櫃里基地台,2018-09-21,澎湖縣,馬公市,風櫃里,手機基地臺,0.04,mW/cm<sup>2</sup>,True
U10545,化道路與球崙一路口落地形變壓器量測,2018-08-23,花蓮縣,花蓮市,化道路與球崙一路口,落地型變壓器,11.5,mG,True
U10542,化道路158-1號對面落地形變壓器量測,2018-08-23,花蓮縣,花蓮市,化道路158-1號對面,落地型變壓器,25.8,mG,True
U10541,東興三街218號前落地形變壓器量測,2018-08-23,花蓮縣,花蓮市,東興三街218號前,落地型變壓器,18.6,mG,True
P10337,雲林縣政府警察局虎尾分局前,2018-10-11,雲林縣,虎尾鎮,警察局虎尾分局前,落地型變壓器,2.645,mG,True
D01028,臺南市新市區南科五路第三停車場東南側落地型變壓器量測(N0712、BC34),2018-10-01,臺南市,新市區,臺南市新市區南科五路第三停車場東南側,落地型變壓器,0.413,mG,True
U10539,化道路與中美七街口落地形變壓器量測,2018-08-21,花蓮縣,花蓮市,化道路與中美七街口,落地型變壓器,6.4,mG,True
D01025,臺南市永康區探索教育無菸公園東側落地型變壓器量測(00433、 8E11),2018-09-13,臺南市,永康區,台南市永康區探索教育無菸公園東側(永大五路及永忠路交叉路口),落地型變壓器,1.918,mG,True
U10536,介林九街77號對面落地形變壓器量測,2018-08-21,花蓮縣,花蓮市,介林九街77號對面,落地型變壓器,1.6,mG,True
H01187,觀音變電所,2018-09-19,桃園市,桃園區,富源村7鄰富源巷19之5號,變電所,32.3,mG,True
H01181,東埔變電所,2018-08-15,桃園市,桃園區,力行路148號,變電所,60,mG,True
H01180,青溪變電所,2018-08-15,桃園市,桃園區,三民路一段386號,變電所,48.6,mG,True
U10538,中山路二段與花9線路口落地形變壓器量測,2018-08-21,花蓮縣,花蓮市,中山路二段與花9線路口,落地型變壓器,10.5,mG,True
D01027,臺南市善化區南科七路廣停3停車場北側落地型變壓器量測(N0614、HB21),2018-10-01,臺南市,善化區,臺南市善化區南科七路廣3停車場北側,落地型變壓器,0.413,mG,True
O01036,新竹市延平路二段落地型變壓器,2018-04-17,新竹市,香山區,新竹市延平路二段與浸水北街路口,落地型變壓器,0.288,mG,True
D01026,臺南市新市區艾爾斯半導體公司門口東側落地型變壓器量測(N0614、FA44),2018-10-01,臺南市,新市區,741台南市新市區南科七路1號 大門口的東側,落地型變壓器,0.838,mG,True
A01289,仁愛路四段447號旁公話亭無線網路,2018-09-27,臺北市,大安區,仁愛路四段447號,無線區域網路(Wi-Fi),0.0259,mW/cm<sup>2</sup>,True
A01288,仁愛路四段123號旁公話亭無線網路,2018-09-18,臺北市,大安區,仁愛路四段123號旁,無線區域網路(Wi-Fi),0.0016,mW/cm<sup>2</sup>,True
V00965,綠島鄉衛生所斜對面落地型變壓器,2018-09-19,臺東縣,綠島鄉,中寮村一號,落地型變壓器,4.13,mG,True
A01287,仁愛路四段411號旁公話亭無線網路,2018-09-18,臺北市,大安區,仁愛路四段411號,無線區域網路(Wi-Fi),0.0006,mW/cm<sup>2</sup>,True
A01286,仁愛路四段99號旁公話亭無線網路,2018-09-18,臺北市,大安區,仁愛路四段99號旁,無線區域網路(Wi-Fi),0.0012,mW/cm<sup>2</sup>,True
A01285,仁愛路四段與安和路一段交叉口公話亭無線網路,2018-09-18,臺北市,大安區,仁愛路四段與安和路一段交叉口,無線區域網路(Wi-Fi),0.0414,mW/cm<sup>2</sup>,True
V00964,臺東縣卑南鄉泰安村泰安39號旁,2018-09-14,臺東縣,卑南鄉,泰安村泰安39號旁,手機基地臺,0.00145,mW/cm<sup>2</sup>,True
D01024,臺南市永康區戶政事務所前落地型變壓器量測(Q0494、EA53),2018-09-13,臺南市,永康區,永康區戶政事務所,落地型變壓器,14.44,mG,True
H01192,桃園市大園區仁壽路1號前落地型變壓器量測,2018-09-19,桃園市,桃園區,桃園市大園區仁壽路1號,落地型變壓器,33.3,mG,True
H01191,桃園市大園區大觀路1277號前落地型變壓器量測,2018-09-19,桃園市,桃園區,桃園市大園區大觀路1277號,落地型變壓器,7,mG,True
H01195,桃園市大園區大竹南路331巷路口落地型變壓器量測,2018-08-15,桃園市,桃園區,桃園市大園區大竹南路331巷路口,落地型變壓器,6.8,mG,True
H01194,大華變電所,2018-08-15,桃園市,蘆竹區,大竹村大新路163-8號,變電所,26.3,mG,True
B01086,中區光復路127號(7-11),2018-09-04,臺中市,中區,光復路127號,無線區域網路(Wi-Fi),2E-06,mW/cm<sup>2</sup>,True
B01085,北區學士路163號(7-11),2018-09-04,臺中市,北區,學士路163號,無線區域網路(Wi-Fi),3E-06,mW/cm<sup>2</sup>,True
V00960,仁昌街113號D棟頂樓,2018-09-04,臺東縣,台東市,仁昌街113號,手機基地臺,0.00611,mW/cm<sup>2</sup>,True
B01084,南屯區河南路四段326號(全家),2018-09-04,臺中市,南屯區,河南路四段326號,無線區域網路(Wi-Fi),1.5E-05,mW/cm<sup>2</sup>,True
V00961,仁昌街113號A棟頂樓,2018-09-04,臺東縣,台東市,仁昌街113號,手機基地臺,0.00451,mW/cm<sup>2</sup>,True
H01183,桃園市蘆竹區大竹路334號對面落地型變壓器量測,2018-08-15,桃園市,桃園區,桃園市蘆竹區大竹路334號,落地型變壓器,41.7,mG,True
H01190,桃園市觀音區大觀路一段293號前落地型變壓器量測,2018-09-19,桃園市,桃園區,桃園市觀音區大觀路一段293號,落地型變壓器,8.9,mG,True
H01189,桃園市觀音區成功路一段645號落地型變壓器量測,2018-09-19,桃園市,桃園區,桃園市觀音區成功路一段645號,落地型變壓器,21.2,mG,True
H01188,草漯變電所,2018-09-19,桃園市,桃園區,工業區成功路2段536號,變電所,18.9,mG,True
H01186,桃園市大園區中正東路一段與大竹南路交叉口落地型變壓器量測,2018-08-15,桃園市,桃園區,桃園市大園區中正東路一段與大竹南路交叉口,落地型變壓器,2.6,mG,True
H01182,桃園市蘆竹區中興路與大竹路口落地型變壓器量測,2018-08-15,桃園市,桃園區,桃園市蘆竹區中興路與大竹路口,落地型變壓器,42.2,mG,True
H01193,廣興變電所,2018-08-15,桃園市,八德區,建國路1000號,變電所,43.6,mG,True
H01178,大湳變電所,2018-08-15,桃園市,八德區,富榮街15號,變電所,73.5,mG,True
H01177,嶺頂變電所,2018-08-15,桃園市,龜山區,茶專路42號,變電所,50.8,mG,True
H01176,頂湖變電所,2018-08-15,桃園市,龜山區,大華村頂湖路72號,變電所,36.6,mG,True
V00963,利家段5350號,2018-09-14,臺東縣,卑南鄉,利家段5350號,手機基地臺,0.00067,mW/cm<sup>2</sup>,True
V00962,利家段5413-1地號,2018-09-14,臺東縣,卑南鄉,利家段5413-1地號,手機基地臺,0.00082,mW/cm<sup>2</sup>,True
N01009,培英國小旁落地型變壓器,2018-09-01,彰化縣,彰化市,和美鎮彰新路五段310號,落地型變壓器,6.39,mG,True
N01008,和東國小旁落地型變壓器,2018-09-01,彰化縣,彰化市,和美鎮彰美路五段210號,落地型變壓器,6.33,mG,True
N01006,和美圖書館旁落地型變壓器,2018-09-01,彰化縣,彰化市,和美鎮道周路346號,落地型變壓器,9.46,mG,True
N01007,新港國小旁落地型變壓器,2018-09-01,彰化縣,彰化市,伸港鄉和平路60號,落地型變壓器,6.55,mG,True
N01004,大同國小旁落地型變壓器,2018-09-01,彰化縣,彰化市,伸港鄉彰新路七段724號,落地型變壓器,9.79,mG,True
B01083,西區忠明南路192號(7-11),2018-08-31,臺中市,西區,忠明南路192號,無線區域網路(Wi-Fi),3E-06,mW/cm<sup>2</sup>,True
B01082,西區民生路517號(7-11),2018-08-31,臺中市,西區,民生路517號,無線區域網路(Wi-Fi),4E-06,mW/cm<sup>2</sup>,True
B01081,台中市西屯區青海路二段262號(7-11),2018-08-31,臺中市,西屯區,青海路二段262號,無線區域網路(Wi-Fi),2E-06,mW/cm<sup>2</sup>,True
A01284,南深路37號(山水綠生態公園)基地台,2018-08-29,臺北市,南港區,南深路37號,手機基地臺,0.0008,mW/cm<sup>2</sup>,True
A01283,南深路37號(山水綠生態公園)電力設備,2018-08-29,臺北市,南港區,南深路37號,配電設施,0.2,mG,True
A01282,南深路37號(山水綠生態公園)變電箱,2018-08-29,臺北市,南港區,南深路37號,落地型變壓器,0.8,mG,True
A01290,信義路四段415號旁變電箱,2018-08-16,臺北市,信義區,信義路四段415號,落地型變壓器,6.8,mG,True
H01210,內壢變電所,2018-10-16,桃園市,中壢區,遠揚街28號,變電所,68,mG,True
J00959,新竹縣竹北市興隆路二段389號對面高壓電塔,2018-08-31,新竹縣,竹北市,新竹縣竹北市興隆路二段389號,高壓電塔,8.983,mG,True
D01023,臺南市南區黑橋牌香腸觀光工廠南側落地型變壓器量測(P9484、DE3401),2018-08-09,臺南市,南區,南區黑橋牌香腸觀光工廠,落地型變壓器,1.342,mG,True
D01022,臺南市南區新百祿燕窩工廠南側落地型變壓器量測(P9382、DB3201),2018-08-09,臺南市,南區,南區新百祿燕窩工廠,落地型變壓器,6.573,mG,True
D01021,臺南市南區白雪里公66北側落地型變壓器量測(P9482、GA29),2018-08-09,臺南市,南區,南區白雪里公66,落地型變壓器,2.063,mG,True
D01020,臺南市南區明亮里公兒S62南側落地型變壓器量測(P9582、FA06),2018-08-09,臺南市,南區,南區明亮里公兒S62,落地型變壓器,8.804,mG,True
D01019,臺南市南區明亮里活動中心南側落地型變壓器量測(P9582、FA58),2018-08-09,臺南市,南區,南區明亮里活動中心,落地型變壓器,7.489,mG,True
A01280,市府路1號南區地下室B1F停車場(S113-114)旁無線網路,2018-08-24,臺北市,信義區,市府路1號,無線區域網路(Wi-Fi),0.0045,mW/cm<sup>2</sup>,True
A01281,市府路1號南區地下室B1F停車場(S020-021)旁無線網路,2018-08-24,臺北市,信義區,市府路1號,無線區域網路(Wi-Fi),0.0006,mW/cm<sup>2</sup>,True
F01388,大豐變電所,2018-05-23,新北市,新店區,建國路246號,變電所,20.02,mG,True
U10532,民生路與民享三街口落地型變壓器量測,2018-08-08,花蓮縣,花蓮市,民生路與民享三街口,落地型變壓器,1.1,mG,True
U10531,海岸路與文苑路口落地型變壓器量測,2018-08-08,花蓮縣,花蓮市,海岸路與文苑路口,落地型變壓器,2.2,mG,True
V00953,荒野段996地號,2018-08-13,臺東縣,台東市,荒野段996地號,手機基地臺,0.00345,mW/cm<sup>2</sup>,True
E01217,LE107-08-002,2018-08-14,高雄市,苓雅區,高雄市苓雅區青年一路12號附近,落地型變壓器,46.735,mG,True
U10535,介禮街與介林九街路口落地型變壓器量測,2018-08-16,花蓮縣,花蓮市,介禮街與介林九街路口,落地型變壓器,13.8,mG,True
U10534,華東路清潔隊前落地型變壓器量測,2018-08-08,花蓮縣,花蓮市,華東路清潔隊前,落地型變壓器,6.5,mG,True
U10533,華東69-1號前落地型變壓器量測,2018-08-08,花蓮縣,花蓮市,華東69-1號前,落地型變壓器,3.8,mG,True
A01278,基隆路二段99之1號對面,2018-08-16,臺北市,信義區,基隆路二段99之1號對面,落地型變壓器,6.1,mG,True
F01386,二重變電所,2018-06-22,新北市,三重區,中興北街14之1號,變電所,18.28,mG,True
A01277,基隆路二段41號旁變電箱,2018-08-16,臺北市,信義區,基隆路二段41號,落地型變壓器,11.5,mG,True
A01276,基隆路二段81號前變電箱,2018-08-16,臺北市,信義區,基隆路二段81號,落地型變壓器,20.2,mG,True
F01385,七張變電所,2018-05-23,新北市,新店區,寶橋路101號,變電所,15.09,mG,True
E01216,LE107-08-001,2018-08-07,高雄市,鼓山區,高雄市鼓山區新疆路160號附近,落地型變壓器,69.503,mG,True
V00952,秀山段地號1號,2018-08-13,臺東縣,台東市,秀山段地號1號,手機基地臺,0.00087,mW/cm<sup>2</sup>,True
E01214,HE107-08-001,2018-08-01,高雄市,鳳山區,高雄市鳳山區自由路224號12樓頂,手機基地臺,0.0707,mW/cm<sup>2</sup>,True
V00958,太平國小圍牆旁落地型變壓器,2018-08-20,臺東縣,卑南鄉,泰安村一鄰6號,落地型變壓器,5.43,mG,True
V00957,更生北路695號三樓頂,2018-08-20,臺東縣,台東市,更生北路695號,手機基地臺,0.00557,mW/cm<sup>2</sup>,True
A01273,基隆路一段與信義路四段交叉口變電箱,2018-08-16,臺北市,信義區,基隆路一段與信義路四段,落地型變壓器,75.1,mG,True
V00956,舊華源橋路旁(華源段635-3地號),2018-08-13,臺東縣,台東市,華源段635-3地號,落地型變壓器,5.29,mG,True
V00954,華源段305-13地號,2018-08-13,臺東縣,台東市,華源段305-13地號,手機基地臺,0.00293,mW/cm<sup>2</sup>,True
N01003,鹿港圖書館旁落地型變壓器,2018-08-10,彰化縣,鹿港鎮,公園一路83號,落地型變壓器,6.39,mG,True
N01002,洛津國小旁落地型變壓器,2018-08-10,彰化縣,鹿港鎮,公園三路51號,落地型變壓器,6.37,mG,True
N01001,鹿港國中旁落地型變壓器,2018-08-10,彰化縣,福興鄉,復興路78號,落地型變壓器,5.94,mG,True
J00956,全家便利商店_竹北宏豐店_無線區域網路(Wi-Fi)量測,2018-03-16,新竹縣,竹北市,中正西路999號1樓,無線區域網路(Wi-Fi),2.089704E-06,mW/cm<sup>2</sup>,True
H01169,中壢變電所,2018-07-26,桃園市,中壢區,內定里合定路17號,變電所,29.3,mG,True
H01167,復興區巴陵79號(中華電信基地台),2018-07-24,桃園市,復興區,巴陵79號,手機基地臺,0.0026,mW/cm<sup>2</sup>,True
N01000,大竹國小旁落地型變壓器,2018-08-09,彰化縣,彰化市,彰南路二段164巷41號,落地型變壓器,6.38,mG,True
N00999,芬園圖書館旁落地型變壓器,2018-08-09,彰化縣,芬園鄉,彰南路四段25號,落地型變壓器,6.35,mG,True
E01215,HE107-08-002,2018-08-01,高雄市,鳥松區,高雄市鳥松區大埤路27號15樓頂,手機基地臺,0.0052,mW/cm<sup>2</sup>,True
J00957,全家便利商店_竹北新華興店_無線區域網路(Wi-Fi)量測,2018-03-16,新竹縣,竹北市,華興街287號1樓,無線區域網路(Wi-Fi),2.610891E-06,mW/cm<sup>2</sup>,True
J00955,全家便利商店_竹東大林店_無線區域網路(Wi-Fi)量測,2018-03-15,新竹縣,竹東鎮,中豐路三段6號1樓,無線區域網路(Wi-Fi),2.510527E-06,mW/cm<sup>2</sup>,True
H01174,自立變電所,2018-07-26,桃園市,中壢區,南園二路2號,變電所,27.7,mG,True
H01173,興國變電所,2018-07-26,桃園市,中壢區,新生路425號,變電所,37.8,mG,True
V00951,關山大原段4434-1地號,2018-08-02,臺東縣,關山鎮,大原段4434-1號,手機基地臺,0.00064,mW/cm<sup>2</sup>,True
V00950,關山大原段4410地號,2018-08-02,臺東縣,關山鎮,大原段4410地號,手機基地臺,0.00093,mW/cm<sup>2</sup>,True
V00949,關山鎮月美段47-1地號,2018-08-02,臺東縣,關山鎮,月美段47-1地號,手機基地臺,0.00066,mW/cm<sup>2</sup>,True
V00948,關山鎮衛生所旁落地型變壓器,2018-08-02,臺東縣,關山鎮,信義路,落地型變壓器,5.62,mG,True
Q10315,水上鄉近82快與國一交流道基地台,2018-07-26,嘉義縣,水上鄉,水上鄉近82快與國一交流道,手機基地臺,0.00216,mW/cm<sup>2</sup>,True
Q10313,水上鄉近台電桿後堀5分11東分5基地台,2018-07-26,嘉義縣,水上鄉,水上鄉近台電桿後堀5分11東分5,手機基地臺,0.00253,mW/cm<sup>2</sup>,True
Q10312,水上鄉江竹仔腳3之42號旁基地台,2018-07-26,嘉義縣,水上鄉,水上鄉江竹仔腳3之42號旁,手機基地臺,0.00252,mW/cm<sup>2</sup>,True
Q10311,水上機場旁產業道路基地台,2018-07-26,嘉義縣,水上鄉,水上機場旁產業道路,手機基地臺,0.00291,mW/cm<sup>2</sup>,True
Q10310,東石鄉台82縣1K處手機基地台,2018-07-11,嘉義縣,太保市,東石鄉台82縣1K處,手機基地臺,0.00244,mW/cm<sup>2</sup>,True
Q10309,東石鄉路燈編號091251旁手機基地台,2018-07-11,嘉義縣,東石鄉,東石鄉路燈編號091251旁,手機基地臺,0.00282,mW/cm<sup>2</sup>,True
Q10308,鹿草鄉產業道路旁手機基地台,2018-07-10,嘉義縣,鹿草鄉,鹿草鄉近167縣道產業道路旁,手機基地臺,0.00229,mW/cm<sup>2</sup>,True
Q10307,東石鄉三塊厝17號之5旁手機基地台,2018-07-11,嘉義縣,太保市,東石鄉三塊厝17號之5旁,手機基地臺,0.00237,mW/cm<sup>2</sup>,True
Q10305,蒜頭糖廠135-1號斜對面站台式變電箱,2018-06-11,嘉義縣,六腳鄉,蒜頭糖廠135-1號斜對面,站臺式變壓器,0.62,mG,True
Q10304,蒜頭糖廠92號旁站台式變電箱,2018-06-11,嘉義縣,六腳鄉,蒜頭糖廠92號旁,站臺式變壓器,0.592,mG,True
Q10302,太子大道信義二路口落地形變電箱,2018-06-11,嘉義縣,太保市,太子大道信義二路口,落地型變壓器,4.276,mG,True
Q10299,太保市健康路226號對面落地變電箱,2018-06-11,嘉義縣,太保市,太保市健康路226號對面,落地型變壓器,0.987,mG,True
H01164,中壢區領航南路二段與新生路四段交叉口落地型變壓器量測,2018-07-10,桃園市,中壢區,領航南路二段與新生路四段交叉口,落地型變壓器,4.4,mG,True
Q10314,水上鄉產業道路上基地台,2018-07-26,嘉義縣,水上鄉,水上鄉產業道路上,手機基地臺,0.00212,mW/cm<sup>2</sup>,True
Q10306,鹿草鄉近萬善廟手機基地台,2018-07-10,嘉義縣,鹿草鄉,鹿草鄉近萬善廟,手機基地臺,0.00423,mW/cm<sup>2</sup>,True
Q10303,永慶高中西側變電箱,2018-06-11,嘉義縣,太保市,太保市信義二路1號西側,落地型變壓器,1.554,mG,True
Q10301,太保市博愛路信義一路口落地形變電箱,2018-06-11,嘉義縣,太保市,太保市博愛路信義一路口,落地型變壓器,0.989,mG,True
Q10300,太保市信義路博學路口落地型變電箱,2018-06-11,嘉義縣,太保市,太保市信義路博學路口,落地型變壓器,0.729,mG,True
V00946,國立台東女子高級中學圍牆旁落地型變壓器,2018-07-30,臺東縣,台東市,四維路一段690號,落地型變壓器,1.99,mG,True
V00947,台東縣都蘭派出所露營區前落地型變壓器,2018-07-30,臺東縣,東河鄉,都蘭村248號,落地型變壓器,8.73,mG,True
B01078,北區中華路二段137號(7-11),2018-07-27,臺中市,北區,中華路二段137號,無線區域網路(Wi-Fi),3E-06,mW/cm<sup>2</sup>,True
B01077,西屯區福安路57號(全家),2018-07-27,臺中市,西屯區,福安路57號,無線區域網路(Wi-Fi),5E-06,mW/cm<sup>2</sup>,True
E01206,LE107-07-003,2018-07-16,高雄市,苓雅區,高雄市苓雅區三多二路102號,落地型變壓器,4.809,mG,True
V00945,台東縣東河鄉都蘭村郡界灣對面(台11縣北上148.8K路旁),2018-07-30,臺東縣,東河鄉,都蘭村郡界灣對面(台11縣北上148.8K路旁),落地型變壓器,5.41,mG,True
V00943,建華段470地號-手機基地台,2018-07-30,臺東縣,台東市,青海路三段(建華段470地號),手機基地臺,0.00136,mW/cm<sup>2</sup>,True
H01166,中壢區領航南路三段與高鐵站前東路二段交叉口落地型變壓器量測,2018-07-10,桃園市,中壢區,中壢區領航南路三段與高鐵站前東路二段交叉口,落地型變壓器,3.1,mG,True
Q10298,鹿草鄉電桿110205號旁落地形變電箱,2018-07-10,嘉義縣,鹿草鄉,鹿草鄉電桿110205號旁,落地型變壓器,7.266,mG,True
V00942,台東市知本路二段291巷-手機基地台,2018-07-30,臺東縣,台東市,知本路二段291巷,手機基地臺,0.00199,mW/cm<sup>2</sup>,True
V00941,台東縣立新生國中大門圍牆旁落地型變壓器,2018-07-30,臺東縣,台東市,新生路641巷64號,落地型變壓器,26.45,mG,True
B01080,臺中市東區忠孝路250號對面(台中國小),2018-07-27,臺中市,東區,忠孝路250號,落地型變壓器,39.34,mG,True
B01079,北區太平路74號(太平國小),2018-07-27,臺中市,北區,太平路74號,落地型變壓器,54.53,mG,True
B01076,臺中市西屯區天助街1號(安和國中),2018-07-27,臺中市,西屯區,天助街1號,落地型變壓器,87.91,mG,True
J00954,全家便利商店_竹北中正西店_無線區域網路(Wi-Fi)量測,2018-03-16,新竹縣,竹北市,中正西路149號1樓,無線區域網路(Wi-Fi),2.503434E-06,mW/cm<sup>2</sup>,True
E01205,LE107-07-002,2018-07-11,高雄市,小港區,高雄市小港區過雄一街27號附近,落地型變壓器,25.791,mG,True
J00953,全家便利商店_竹東長春店_無線區域網路(Wi-Fi)量測,2018-03-15,新竹縣,竹東鎮,長春路三段165號1樓,無線區域網路(Wi-Fi),2.510527E-06,mW/cm<sup>2</sup>,True
J00952,全家便利商店_竹東大鄉店_無線區域網路(Wi-Fi)量測,2018-03-15,新竹縣,竹東鎮,中豐路三段97號1樓,無線區域網路(Wi-Fi),2.567637E-06,mW/cm<sup>2</sup>,True
J00950,全家便利商店_竹東東峰店_無線區域網路(Wi-Fi)量測,2018-03-15,新竹縣,竹東鎮,東峰路162號1樓,無線區域網路(Wi-Fi),2.510527E-06,mW/cm<sup>2</sup>,True
J00949,全家便利商店_竹東致東店_無線區域網路(Wi-Fi)量測,2018-03-15,新竹縣,竹東鎮,中正路1號,無線區域網路(Wi-Fi),2.603656E-06,mW/cm<sup>2</sup>,True
A01269,環山路二段101號對面變電箱,2018-07-29,臺北市,內湖區,環山路二段101號,站臺式變壓器,9.1,mG,True
N00986,大成國小旁落地型變壓器,2018-07-17,彰化縣,彰化市,自強路303號,落地型變壓器,0.91,mG,True
J00948,全家便利商店_竹東鎭金店_無線區域網路(Wi-Fi)量測,2018-03-15,新竹縣,竹東鎮,中山路67號1樓,無線區域網路(Wi-Fi),2.510527E-06,mW/cm<sup>2</sup>,True
A01271,環山路二段68巷與環山路二段交叉口變電箱,2018-07-29,臺北市,內湖區,環山路二段68巷,站臺式變壓器,2.1,mG,True
A01270,環山路二段87號對面變電箱,2018-07-29,臺北市,內湖區,環山路二段87號,站臺式變壓器,3.9,mG,True
B01059,僑光科技大學,2018-06-08,臺中市,南屯區,僑光路100號,學校極低頻設施,9.693,mG,True
B01058,大甲高工,2018-06-07,臺中市,大甲區,開元路71號,學校極低頻設施,23.69,mG,True
Q10296,填寫報告名稱(例如:大樓世紀基地台量測)，最多50個中文字義竹鄉台電線桿方傳64號旁,2018-05-16,嘉義縣,義竹鄉,義竹鄉台電線桿方傳64號旁,手機基地臺,0.00267,mW/cm<sup>2</sup>,True
Q10297,義竹鄉義竹482號前方,2018-06-08,嘉義縣,義竹鄉,義竹鄉義竹482號前方,落地型變壓器,11.48,mG,True
E01188,LE107-05-003,2018-05-17,高雄市,苓雅區,高雄市苓雅區憲政路240號附近,落地型變壓器,110.46,mG,True
A01275,基隆路二段94號前變電箱,2018-08-16,臺北市,信義區,基隆路二段94號,落地型變壓器,14.8,mG,True
E01171,LE107-03-001,2018-03-26,高雄市,苓雅區,高雄市苓雅區漢陽街17號附近,落地型變壓器,22.777,mG,True
E01172,LE107-03-002,2018-03-26,高雄市,苓雅區,高雄市苓雅區福德三路111號附近,落地型變壓器,9.233,mG,True
B01057,致用高中,2018-06-07,臺中市,大甲區,甲東路512號,學校極低頻設施,7.143,mG,True
V00928,手機基地台電磁波量測,2017-11-14,臺東縣,關山鎮,新福里順興路27之6號,手機基地臺,6E-07,mW/cm<sup>2</sup>,True
N00988,南郭國小旁落地型變壓器,2018-07-17,彰化縣,彰化市,中興路98號,落地型變壓器,0.316,mG,True
E01195,HE107-06-001,2018-06-21,高雄市,小港區,高雄市小港區鳳林路116號5樓頂,手機基地臺,0.059,mW/cm<sup>2</sup>,True
B01066,沙鹿高工,2018-06-14,臺中市,沙鹿區,台灣大道七段823號,學校極低頻設施,0.833,mG,True
B01065,靜宜大學,2018-06-14,臺中市,沙鹿區,臺灣大道7段200號,學校極低頻設施,0.467,mG,True
B01064,嶺東科技大學,2018-06-12,臺中市,南屯區,嶺東路1號,學校極低頻設施,3.171,mG,True
D01018,臺南市安平區億載金城南側落地型變壓器量測(P9186、LC56),2018-07-23,臺南市,安平區,億載金城,落地型變壓器,0.915,mG,True
U10530,中山路二段2-1號旁落地形變壓器量測,2018-06-08,花蓮縣,吉安鄉,中山路二段2-1號旁,落地型變壓器,22.8,mG,True
U10529,南昌停車場內落地形變壓器量測-2,2018-06-08,花蓮縣,吉安鄉,南昌停車場內,落地型變壓器,15.8,mG,True
U10528,南昌停車場內落地形變壓器量測-1,2018-06-08,花蓮縣,吉安鄉,南昌停車場內,落地型變壓器,14.3,mG,True
U10527,和平路與重慶路口落地形變壓器量測,2018-07-19,花蓮縣,花蓮市,和平路與重慶路口,落地型變壓器,22.3,mG,True
E01200,HE107-07-002,2018-07-04,高雄市,三民區,高雄市三民區九如二路38號12樓頂,手機基地臺,0.0068,mW/cm<sup>2</sup>,True
A01267,民權東路六段190巷21弄旁變電箱,2018-07-21,臺北市,內湖區,民權東路六段190巷21弄,落地型變壓器,5,mG,True
A01266,八德路四段749號對面變電箱,2018-07-21,臺北市,松山區,八德路四段749號,落地型變壓器,19.4,mG,True
A01265,八德路四段789號對面變電箱,2018-07-21,臺北市,松山區,八德路四段789號對面,落地型變壓器,28.6,mG,True
A01262,康寧路三段75巷207弄旁變電箱,2018-07-14,臺北市,內湖區,康寧路三段75巷207弄旁,落地型變壓器,4.3,mG,True
E01204,LE107-07-001,2018-07-10,高雄市,小港區,高雄市小港區中山四路33號附近,落地型變壓器,48.868,mG,True
E01202,HE107-07-004,2018-07-16,高雄市,左營區,高雄市左營區文府路356巷1號11樓頂,手機基地臺,0.0066,mW/cm<sup>2</sup>,True
E01198,HE107-07-001 (AM復興廣播電臺),2018-07-03,高雄市,鳥松區,高雄市鳥松區澄清路819號附近,AM廣播電臺,6.09,V/m,True
V00930,台東市大學路一段75號福德宮前落地型變壓器量測,2018-07-10,臺東縣,台東市,大學路一段75號,落地型變壓器,1.28,mG,True
E01203,HE107-07-005 (FM警廣播電臺),2018-07-16,高雄市,左營區,高雄市左營區博愛四路455號附近,FM廣播電臺,0.0002,mW/cm<sup>2</sup>,True
D01016,臺南市安平區怡平公園北側落地型變壓器量測(P9387、DE14),2018-07-23,臺南市,安平區,怡平公園,落地型變壓器,1.255,mG,True
U10526,和平路498號前落地形變壓器量測,2018-07-19,花蓮縣,花蓮市,和平路498號前,落地型變壓器,5.6,mG,True
U10525,和平路302號前落地形變壓器量測,2018-07-19,花蓮縣,花蓮市,和平路302號前,落地型變壓器,4.1,mG,True
U10524,和平路223號對面落地形變壓器量測,2018-07-19,花蓮縣,花蓮市,和平路223號對面,落地型變壓器,10.4,mG,True
A01268,民權東路六段240巷16號旁變電箱,2018-07-21,臺北市,內湖區,民權東路六段240巷16號,落地型變壓器,6,mG,True
A01264,八德路四段817號對面變電箱,2018-07-21,臺北市,松山區,八德路四段817號,落地型變壓器,49.1,mG,True
A01263,八德路四段825號對面變電箱,2018-07-21,臺北市,松山區,八德路四段825號,落地型變壓器,28.6,mG,True
V00936,台東市青海路三段33號路旁,2018-07-18,臺東縣,台東市,青海路三段33號路旁,落地型變壓器,1.15,mG,True
V00935,台東市青海路三段(台九線388.5號路旁)落地型變壓器量測,2018-07-18,臺東縣,台東市,青海路三段,落地型變壓器,1.91,mG,True
A01261,民權東路六段206巷143弄福德宮對面變電箱,2018-07-14,臺北市,內湖區,民權東路六段206巷143弄,落地型變壓器,2.1,mG,True
A01259,大湖山莊街168巷與131巷口變電箱,2018-07-14,臺北市,內湖區,大湖山莊街168巷,落地型變壓器,13.2,mG,True
A01258,大湖山莊街168巷與131巷口變電箱,2018-07-14,臺北市,內湖區,大湖山莊街168巷與131巷口,落地型變壓器,21.2,mG,True
V00933,台東縣太平路50號前落地型變壓器量測,2018-07-10,臺東縣,卑南鄉,太平村太平路50號前,落地型變壓器,4.93,mG,True
V00932,台東卑南鄉太平路基督教浸信會靈光堂,2018-07-10,臺東縣,卑南鄉,太平村太平路429號,落地型變壓器,20.83,mG,True
V00931,台東市中興路六段368號前落地變壓器量測,2018-07-10,臺東縣,台東市,台東市中興路六段368號,落地型變壓器,2.8,mG,True
X10221,馬公市澎湖防衛司令部前落地型變電器,2018-03-26,澎湖縣,馬公市,防衛司令部前,落地型變壓器,18.5,mG,True
X10212,馬公市文澳國小學生活動中心落地型變電器,2018-03-05,澎湖縣,馬公市,文學路221號前,落地型變壓器,37.7,mG,True
X10223,馬公市文澳市場旁落地型變電器,2018-03-26,澎湖縣,馬公市,文澳市場旁,落地型變壓器,8.4,mG,True
X10222,馬公市仁愛路14號前落地型變電器,2018-03-26,澎湖縣,馬公市,仁愛路14號前,落地型變壓器,4,mG,True
X10228,馬公市民權路51號前落地型變電器,2018-04-02,澎湖縣,馬公市,民權路51號前,落地型變壓器,59.7,mG,True
X10226,馬公市文光路全聯停車場旁落地型變電器,2018-04-02,澎湖縣,馬公市,文光路全聯停車場旁,落地型變壓器,33.2,mG,True
X10220,馬公市文化局圖書館前落地型變電器,2018-03-26,澎湖縣,馬公市,文化局圖書館前,落地型變壓器,4.6,mG,True
X10219,馬公市永福街市公所前落地型變電器,2018-03-26,澎湖縣,馬公市,永福街市公所前,落地型變壓器,20.9,mG,True
X10217,馬公市日立飯店對面落地型變電器,2018-03-12,澎湖縣,馬公市,惠民一路16號,落地型變壓器,35.4,mG,True
X10209,Pier3三號港前落地型變電器,2018-03-05,澎湖縣,馬公市,同和路158號前,落地型變壓器,3.7,mG,True
X10224,馬公市福朋喜來登前落地型變電器,2018-04-02,澎湖縣,馬公市,福朋喜來登前,落地型變壓器,0.7,mG,True
X10216,澎湖中正郵局旁落地型變電器,2018-03-12,澎湖縣,馬公市,中正路70號旁,落地型變壓器,1.8,mG,True
X10215,馬公市觀音亭前落地型變電器,2018-03-12,澎湖縣,馬公市,介壽路7號前,落地型變壓器,6.6,mG,True
X10214,馬公市羽毛球館旁落地型變電器,2018-03-12,澎湖縣,馬公市,羽毛球館旁,落地型變壓器,16.8,mG,True
D01012,臺南市北區公園路321巷藝術部落東北側落地型變壓器量測(P9790、EC44),2018-04-17,臺南市,北區,臺南市北區公園路321巷,落地型變壓器,29.24,mG,True
U10521,中山路一段28號對面落地型變壓器量測,2018-06-08,花蓮縣,吉安鄉,中山路一段28號對面,落地型變壓器,20.9,mG,True
D01017,臺南市安平區長青公寓大樓西側落地型變壓器量測(P9485、AD5601),2018-07-23,臺南市,安平區,長青公寓大樓,落地型變壓器,13.73,mG,True
U10523,和平路91號前落地形變壓器量測,2018-07-19,花蓮縣,花蓮市,和平路91號前,落地型變壓器,34.6,mG,True
E01201,HE107-07-003,2018-07-10,高雄市,小港區,高雄市小港區宏平路660號12樓頂,手機基地臺,0.114,mW/cm<sup>2</sup>,True
V00939,東海段177地號,2018-07-19,臺東縣,台東市,東海段177地號,手機基地臺,0.00059,mW/cm<sup>2</sup>,True
V00940,富岡圓和慈惠堂前基地台,2018-07-19,臺東縣,台東市,富岡圓和慈惠堂前基地台,手機基地臺,0.00331,mW/cm<sup>2</sup>,True
V00937,富岡圓和慈惠堂前基地台,2018-07-19,臺東縣,台東市,富岡圓和慈惠堂前基地台,手機基地臺,0.00321,mW/cm<sup>2</sup>,True
A01260,民權東路六段與金湖路交叉口變電箱,2018-07-14,臺北市,內湖區,民權東路六段與金湖路交叉口,落地型變壓器,8.1,mG,True
E01197,HE107-06-003 (AM正聲廣播電臺),2018-06-25,高雄市,鳥松區,高雄市鳥松區澄清路819號附近,AM廣播電臺,8.38,V/m,True
U10522,中山路二段88之1號旁落地型變壓器量測,2018-06-26,花蓮縣,吉安鄉,中山路二段88之1號旁,落地型變壓器,36.4,mG,True
J00947,全家便利商店_竹東興仁店_無線區域網路(Wi-Fi)量測,2018-07-02,新竹縣,竹東鎮,仁愛路446號1樓,無線區域網路(Wi-Fi),2.596432E-06,mW/cm<sup>2</sup>,True
J00946,全家便利商店_竹東北興店_無線區域網路(Wi-Fi)量測,2018-03-15,新竹縣,竹東鎮,北興路三段503號1樓,無線區域網路(Wi-Fi),2.603656E-06,mW/cm<sup>2</sup>,True
J00945,全家便利商店_竹東新中興店_無線區域網路(Wi-Fi)量測,2018-03-15,新竹縣,竹東鎮,中興路二段162號,無線區域網路(Wi-Fi),2.168143E-06,mW/cm<sup>2</sup>,True
J00944,全家便利商店_竹北俠隱店_無線區域網路(Wi-Fi)量測,2018-03-15,新竹縣,竹北市,莊敬六街7號,無線區域網路(Wi-Fi),2.596432E-06,mW/cm<sup>2</sup>,True
J00943,全家便利商店_竹北科大店_無線區域網路(Wi-Fi)量測,2018-03-15,新竹縣,竹北市,科大一路93號,無線區域網路(Wi-Fi),2.574821E-06,mW/cm<sup>2</sup>,True
E01196,HE107-06-002,2018-06-25,高雄市,苓雅區,高雄市苓雅區大順三路183號12樓頂,手機基地臺,0.0367,mW/cm<sup>2</sup>,True
E01194,LE107-06-003,2018-06-13,高雄市,三民區,高雄市三民區建國三路216號附近,落地型變壓器,10.94,mG,True
E01193,LE107-06-002,2018-06-12,高雄市,小港區,高雄市小港區勝安街1號附近,落地型變壓器,15.01,mG,True
B01074,北屯區太原路三段1138號(7-11),2018-06-14,臺中市,北屯區,太原路三段1138號,無線區域網路(Wi-Fi),3E-06,mW/cm<sup>2</sup>,True
B01073,北屯區太原路三段849號(全家),2018-06-14,臺中市,北屯區,北屯區太原路三段849號(全家),無線區域網路(Wi-Fi),1E-06,mW/cm<sup>2</sup>,True
B01069,烏日區榮和路59號(全家),2018-06-13,臺中市,烏日區,榮和路59號,無線區域網路(Wi-Fi),1E-06,mW/cm<sup>2</sup>,True
B01068,臺中市烏日區中山路三段500號(ok),2018-06-13,臺中市,烏日區,臺中市烏日區中山路三段500號(ok),無線區域網路(Wi-Fi),3E-06,mW/cm<sup>2</sup>,True
E01192,LE107-06-001,2018-06-07,高雄市,苓雅區,高雄市苓雅區明德街155號附近,落地型變壓器,64.652,mG,True
E01191,HE107-05-004,2018-05-25,高雄市,三民區,高雄市苓雅區大順三路218號8樓頂(B棟),手機基地臺,0.0155,mW/cm<sup>2</sup>,True
E01190,HE107-05-003,2018-05-23,高雄市,苓雅區,高雄市苓雅區大順三路218號8樓頂(A棟),手機基地臺,0.0111,mW/cm<sup>2</sup>,True
D01015,臺南市北區花園夜市北側落地型變壓器量測(P9691、DE05),2018-04-17,臺南市,北區,臺南市北區花園夜市,落地型變壓器,2.906,mG,True
B01055,南區復興路三段322號(7-11),2018-05-23,臺中市,南區,復興路三段322號,無線區域網路(Wi-Fi),1.2E-05,mW/cm<sup>2</sup>,True
U10519,國興一街35-1號對面落地形變壓器量測,2018-05-17,花蓮縣,花蓮市,國興一街35-1號對面,落地型變壓器,9.9,mG,True
D01014,臺南市北區成德公園東南側落地型變壓器量測(P9792、PC66),2018-04-17,臺南市,北區,臺南市北區成德公園,落地型變壓器,22.28,mG,True
B01056,南區工學二街95號(全家),2018-05-23,臺中市,南區,工學二街95號,無線區域網路(Wi-Fi),2E-06,mW/cm<sup>2</sup>,True
E01187,LE107-05-002,2018-05-11,高雄市,鳳山區,高雄市鳳山區文鳳路69號附近,落地型變壓器,120.08,mG,True
E01186,LE107-05-001,2018-05-10,高雄市,小港區,高雄市小港區金城路133號附近,落地型變壓器,54.143,mG,True
E01185,HE107-05-001,2018-05-17,高雄市,三民區,高雄市三民區建國二路193號12樓,手機基地臺,0.0116,mW/cm<sup>2</sup>,True
U10520,國聯一路41號對面落地形變壓器量測,2018-05-18,花蓮縣,花蓮市,國聯一路41號對面,落地型變壓器,6.9,mG,True
U10518,裕祥路28號對面落地形變壓器量測,2018-05-17,花蓮縣,花蓮市,裕祥路28號對面,落地型變壓器,17.2,mG,True
D01013,臺南市北區希望公園東北側落地型變壓器量測(P9792、AC94),2018-04-17,臺南市,北區,臺南市北區希望公園,落地型變壓器,12.97,mG,True
U10517,中正國小前落地形變壓器量測,2018-05-16,花蓮縣,花蓮市,中正路210號前,落地型變壓器,38.1,mG,True
U10516,光復路395號對面落地形變壓器量測,2018-05-11,花蓮縣,新城鄉,光復路395號對面,落地型變壓器,6.2,mG,True
E01175,HE107-03-002,2018-03-28,高雄市,苓雅區,高雄市苓雅區武慶路1號,手機基地臺,0.0054,mW/cm<sup>2</sup>,True
E01173,HE107-02-002,2018-02-22,高雄市,三民區,高雄市三民區水源路16號12樓,手機基地臺,0.0273,mW/cm<sup>2</sup>,True
E01174,HE107-03-001,2018-03-26,高雄市,苓雅區,高雄市苓雅區意誠路7號11樓,手機基地臺,0.0055,mW/cm<sup>2</sup>,True
E01189,HE107-05-002,2018-05-23,高雄市,苓雅區,高雄市苓雅區光華一路12號12樓頂,手機基地臺,0.0081,mW/cm<sup>2</sup>,True
B01054,東區台中路197號(7-11),2018-05-11,臺中市,東區,台中路197號,無線區域網路(Wi-Fi),1.1E-05,mW/cm<sup>2</sup>,True
B01053,東區台中路45號(7-11),2018-05-11,臺中市,東區,台中路45號,無線區域網路(Wi-Fi),9E-06,mW/cm<sup>2</sup>,True
B01052,中區民權路86號(全家),2018-05-11,臺中市,中區,民權路86號,無線區域網路(Wi-Fi),1E-06,mW/cm<sup>2</sup>,True
E01149,HE107-02-001,2018-02-02,高雄市,仁武區,高雄市仁武區高楠公路21號,手機基地臺,0.036,mW/cm<sup>2</sup>,True
B01049,臺中市南屯區文心南路100號(7-11),2018-05-05,臺中市,南屯區,文心南路100號,無線區域網路(Wi-Fi),1E-05,mW/cm<sup>2</sup>,True
B01048,大里區文心南路1252號(7-11),2018-05-05,臺中市,大里區,文心南路1252號,無線區域網路(Wi-Fi),7E-06,mW/cm<sup>2</sup>,True
E01181,LE107-04-003,2018-04-20,高雄市,新興區,高雄市新興區文橫一路41號,落地型變壓器,54.848,mG,True
U10512,商校街與國民二街口落地型變壓器量測,2018-04-26,花蓮縣,花蓮市,商校街與國民二街口,落地型變壓器,4.7,mG,True
U10511,中韓扶輪公園前落地型變壓器量測-1,2018-04-26,花蓮縣,花蓮市,中韓扶輪公園前,落地型變壓器,12.3,mG,True
E01177,LE107-04-002,2018-04-11,高雄市,苓雅區,高雄市苓雅區武昌路216號附近,落地型變壓器,17.718,mG,True
U10507,池南路一段與林園路口落地型變壓器量測,2018-03-15,花蓮縣,壽豐鄉,池南路一段與林園路口,落地型變壓器,9.7,mG,True
U10505,池南路一段111號前-1落地型變壓器量測,2018-03-15,花蓮縣,壽豐鄉,池南路一段111號前-1,落地型變壓器,6.5,mG,True
U10515,尚志路33-24號對面落地型變壓器量測,2018-04-30,花蓮縣,花蓮市,花蓮市尚志路33-24號對面,落地型變壓器,8.2,mG,True
U10514,東華大學前落地型變壓器量測,2018-04-30,花蓮縣,壽豐鄉,壽豐鄉大學路二段,落地型變壓器,5.2,mG,True
U10513,中正路二段197號對面落地型變壓器量測,2018-04-30,花蓮縣,吉安鄉,吉安鄉中正路二段197號對面,落地型變壓器,2.5,mG,True
A01257,永吉路30巷104號對面無線網路電磁波量測,2018-03-19,臺北市,信義區,永吉路30巷104號對面,無線區域網路(Wi-Fi),0.0015,mW/cm<sup>2</sup>,True
A01256,永吉路30巷101弄28號無線網路電磁波量測,2018-03-19,臺北市,信義區,永吉路30巷101弄28號,無線區域網路(Wi-Fi),0.00101,mW/cm<sup>2</sup>,True
A01255,市府路東門對面(松智路上)無線網路電磁波量測,2018-03-19,臺北市,信義區,市府路東門對面(松智路上),無線區域網路(Wi-Fi),0.00111,mW/cm<sup>2</sup>,True
A01254,永吉路30巷19弄27號變電箱電磁波量測,2018-03-19,臺北市,信義區,永吉路30巷19弄27號,站臺式變壓器,1.7,mG,True
U10506,池南路一段111號前-2落地型變壓器量測,2018-03-15,花蓮縣,壽豐鄉,池南路一段111號前-2,落地型變壓器,10.3,mG,True
A01253,永吉路30巷101弄6號變電箱電磁波量測,2018-03-19,臺北市,信義區,永吉路30巷101弄6號,落地型變壓器,15.5,mG,True
A01251,永吉路30巷101弄2號,2018-03-19,臺北市,信義區,永吉路30巷101弄2號,落地型變壓器,11.9,mG,True
U10504,池南路二段41號前落地型變壓器量測,2018-03-15,花蓮縣,壽豐鄉,池南路二段41號前,落地型變壓器,6,mG,True
U10503,台9丙473號前落地型變壓器量測,2018-03-15,花蓮縣,吉安鄉,台9丙473號前,落地型變壓器,3.9,mG,True
U10502,達固湖灣大路與濟濨路口落地型變壓器量測,2018-03-15,花蓮縣,花蓮市,達固湖灣大路與濟濨路口,落地型變壓器,1,mG,True
D01011,臺南市東區耶穌基督後期聖徒教會東北側落地型變壓器量測(P9984、H859),2018-03-12,臺南市,東區,臺南市東區崇善路234號,落地型變壓器,45.37,mG,True
A01250,永吉路30巷150號,2018-03-19,臺北市,信義區,永吉路30巷150號,落地型變壓器,10.1,mG,True
A01249,忠孝東路五段71巷11弄26號旁變電箱電磁波量測,2018-03-19,臺北市,信義區,忠孝東路五段71巷11弄26號,落地型變壓器,10.1,mG,True
B01047,南區文心南路885號(7-11),2018-04-19,臺中市,南區,南區文心南路885號,無線區域網路(Wi-Fi),2E-06,mW/cm<sup>2</sup>,True
E01176,LE107-04-001,2018-04-02,高雄市,三民區,高雄市三民區同盟二路215號附近,落地型變壓器,4.765,mG,True
U10510,吉安路二段150號前落地形變壓器量測-2,2018-04-03,花蓮縣,吉安鄉,吉安路二段150號前,落地型變壓器,3.5,mG,True
U10509,吉安路二段150號前落地形變壓器量測-1,2018-04-03,花蓮縣,吉安鄉,吉安路二段150號前,落地型變壓器,14.3,mG,True
U10508,稻香國小前落地形變壓器量測,2018-04-03,花蓮縣,吉安鄉,稻香路98號前,落地型變壓器,24.1,mG,True
D01010,臺南市東區中華電信台南營運處局南側落地型變壓器量測(P9981、HD87),2018-03-12,臺南市,東區,臺南市東區崇德路827號,落地型變壓器,2.64,mG,True
T00669,屏東火車站前門西側落地型變壓器,2018-03-25,屏東縣,屏東市,光復路140號,落地型變壓器,4.6,mG,True
U10493,南華二街167號前落地型變壓器量測,2018-02-09,花蓮縣,花蓮市,南華二街167號前,落地型變壓器,1.3,mG,True
D01009,臺南市東區文化中心東南側落地型變壓器量測(P9983、CD44),2018-03-12,臺南市,東區,臺南市東區中華東路三段332號,落地型變壓器,2.904,mG,True
U10494,國聯二路23號前落地形變壓器量測,2018-02-09,花蓮縣,花蓮市,國聯二路23號前,落地型變壓器,45.6,mG,True
T00667,屏東縣立大同高中落地型變壓器,2018-03-22,屏東縣,屏東市,屏東市和平路429號,落地型變壓器,7.6,mG,True
A01252,永吉路30巷125號對面,2018-03-19,臺北市,信義區,永吉路30巷125號對面,落地型變壓器,17.9,mG,True
A01248,忠孝東路五段31巷18弄變電箱電磁波量測,2018-03-19,臺北市,信義區,忠孝東路五段31巷18弄,落地型變壓器,13.5,mG,True
U10501,民權五街與民德一街口落地形變壓器量測,2018-03-07,花蓮縣,花蓮市,民權五街與民德一街口,落地型變壓器,11.5,mG,True
U10500,民權一街與民德一街口落地形變壓器量測,2018-03-07,花蓮縣,花蓮市,民權一街與民德一街口,落地型變壓器,7.4,mG,True
U10499,民權一街1號前落地形變壓器量測,2018-03-07,花蓮縣,花蓮市,民權一街1號前,落地型變壓器,8.1,mG,True
U10498,民德三街1巷1號對面落地形變壓器量測,2018-03-07,花蓮縣,花蓮市,民德三街1巷1號對面,落地型變壓器,5.3,mG,True
J00942,湖口鄉民生街109號對面_落地型變電箱量測,2018-03-01,新竹縣,湖口鄉,新竹縣湖口鄉民生街109號對面,落地型變壓器,2.329,mG,True
E01154,LE107-02-002,2018-02-07,高雄市,小港區,高雄市小港區明義街2號附近,落地型變壓器,0.076,mG,True
U10496,南華二街29號前落地型變壓器量測,2018-02-09,花蓮縣,吉安鄉,南華二街29號前,落地型變壓器,2.8,mG,True
E01151,LE107-01-002,2018-01-30,高雄市,鳳山區,高雄市鳳山區文龍路16巷28號附近,落地型變壓器,1.299,mG,True
E01150,LE107-01-001,2018-01-30,高雄市,鳥松區,高雄市鳥松區澄清路819號附近,落地型變壓器,2.184,mG,True
E01183,LE107-04-004,2018-04-26,高雄市,前鎮區,高雄市前鎮區二聖二路157號,落地型變壓器,4.734,mG,True
E01153,LE107-02-001,2018-02-02,高雄市,左營區,高雄市左營區左楠路2號附近,落地型變壓器,0.314,mG,True
U10497,南華二街與中央路一段路口落地型變壓器量測,2018-02-09,花蓮縣,吉安鄉,南華二街與中央路一段路口,落地型變壓器,0.5,mG,True
U10495,南華二街222號前落地型變壓器量測,2018-02-09,花蓮縣,吉安鄉,南華二街222號前,落地型變壓器,1.3,mG,True
T00608,屏東縣政府文化處中正圖書館落地型變壓器,2017-04-25,屏東縣,屏東市,大連路69號,落地型變壓器,8.3,mG,True
T00604,天主教道明會館落地型變壓器,2017-04-21,屏東縣,屏東市,屏東市公園路23號,落地型變壓器,20.1,mG,True
T00603,屏東教會落地型變壓器,2017-04-19,屏東縣,屏東市,屏東市仁愛路56號,落地型變壓器,17.7,mG,True
T00607,介壽圖書館落地型變壓器,2017-04-24,屏東縣,屏東市,屏東市公園路24-1號,落地型變壓器,9.8,mG,True
T00630,屏東縣政府文化資產所落地型變壓器,2017-09-19,屏東縣,屏東市,瑞中街15號,落地型變壓器,4.1,mG,True
T00629,屏東縣立中正國小落地型變壓器,2017-09-12,屏東縣,屏東市,蘇州街75號,落地型變壓器,3.7,mG,True
T00628,屏東市長春公園落地型變壓器,2017-09-12,屏東縣,屏東市,屏東市林森路154號,落地型變壓器,9.2,mG,True
T00620,衛生福利部南區老人之家落地型變壓器,2017-08-01,屏東縣,屏東市,香揚巷1號,落地型變壓器,4.5,mG,True
T00617,屏東市信義國小落地型變壓器,2017-07-10,屏東縣,屏東市,信義路66號,落地型變壓器,2.7,mG,True
T00616,屏東市社會福利館,2017-07-04,屏東縣,屏東市,華正路97號,落地型變壓器,7.2,mG,True
T00615,屏東縣政府文化處落地型變壓器,2017-07-04,屏東縣,屏東市,屏東縣屏東市大連路69號,落地型變壓器,6,mG,True
T00613,屏東市仁愛國小落地型變壓器,2017-07-07,屏東縣,屏東市,仁愛路98號,落地型變壓器,2.9,mG,True
T00626,屏東工業區落地型變壓器,2017-08-08,屏東縣,屏東市,工業一路5號,落地型變壓器,7.4,mG,True
T00614,屏東區營業配電中心,2017-07-04,屏東縣,屏東市,青島街35號,落地型變壓器,3.2,mG,True
T00619,屏東大學落地型變壓器,2017-08-01,屏東縣,屏東市,民生路4-18號,落地型變壓器,7.2,mG,True
T00612,屏東縣立屏東高中落地型變壓器,2017-06-22,屏東縣,屏東市,忠孝路231號,落地型變壓器,10.9,mG,True
T00611,屏東公園,2017-06-20,屏東縣,屏東市,屏東市中華路與公園路交叉口,落地型變壓器,6.8,mG,True
T00610,屏東縣立體育館,2017-06-20,屏東縣,屏東市,勝利路9號.,落地型變壓器,17.5,mG,True
T00609,日式碳烤石頭火鍋,2017-06-13,屏東縣,屏東市,屏東市公園路38號,落地型變壓器,11.7,mG,True
T00627,屏東市公所落地型變壓器,2017-08-08,屏東縣,屏東市,台糖街61號,落地型變壓器,8,mG,True
B00997,臺中市北屯區崇德七路182號(普天大廈頂樓),2017-05-12,臺中市,北屯區,臺中市北屯區崇德七路182號,手機基地臺,9E-06,mW/cm<sup>2</sup>,True
U10449,台11線12K處基地台量測,2017-03-17,花蓮縣,壽豐鄉,鹽寮村191號前,手機基地臺,4.1E-06,mW/cm<sup>2</sup>,True
G00830,蘇澳鎮德興二路10號前落地型變壓器量測,2017-12-29,宜蘭縣,蘇澳鎮,德興二路10號,落地型變壓器,7.575,mG,True
G00829,蘇澳鎮德興二路1號前落地型變壓器量測,2017-12-29,宜蘭縣,蘇澳鎮,德興二路1號,落地型變壓器,5.261,mG,True
G00828,蘇澳鎮德興二路6號前落地型變壓器量測,2017-12-29,宜蘭縣,蘇澳鎮,德興二路6號,落地型變壓器,7.241,mG,True
G00827,蘇澳鎮頂強路19號前落地型變壓器量測,2017-12-29,宜蘭縣,蘇澳鎮,頂強路19號,落地型變壓器,6.255,mG,True
G00826,蘇澳鎮頂平路路口前落地型變壓器量測,2017-12-29,宜蘭縣,蘇澳鎮,頂平路,落地型變壓器,25.15,mG,True
G00825,五結鄉利工二路82號前落地型變壓器量測,2017-12-29,宜蘭縣,五結鄉,利工二路82號,落地型變壓器,7.751,mG,True
G00824,五結鄉利工二路80號前落地型變壓器量測,2017-12-29,宜蘭縣,五結鄉,利工二路80號,落地型變壓器,2.561,mG,True
G00822,宜蘭市縣政七街50巷口落地型變壓器量測,2017-12-27,宜蘭縣,宜蘭市,縣政七街50巷,落地型變壓器,5.763,mG,True
G00821,宜蘭市縣政十二街51巷口落地型變壓器量測,2017-12-27,宜蘭縣,宜蘭市,縣政十二街51巷,落地型變壓器,3.555,mG,True
F01372,南港變電所,2017-12-12,新北市,汐止區,樟樹里12鄰大同路一段275號,變電所,23.373,mG,True
G00823,五結鄉利工二路88號前落地型變壓器量測,2017-12-29,宜蘭縣,五結鄉,利工二路88號,落地型變壓器,3.541,mG,True
F01369,汐止變電所,2017-12-12,新北市,汐止區,八連里5鄰八連路1段208號,變電所,31.12,mG,True
J00937,湖口鄉仁和路_落地型變電箱量測,2017-12-21,新竹縣,湖口鄉,湖口鄉仁和路182號,落地型變壓器,23.16,mG,True
G00832,冬山鄉自強路43號旁落地型變壓器量測,2017-12-29,宜蘭縣,冬山鄉,自強路43號,落地型變壓器,5.216,mG,True
G00831,冬山鄉自強路45號前落地型變壓器量測,2017-12-29,宜蘭縣,冬山鄉,自強路45號,落地型變壓器,4.216,mG,True
G00819,宜蘭市建蘭北路225巷口落地型變壓器量測,2017-12-27,宜蘭縣,宜蘭市,建蘭北路225巷,落地型變壓器,6.121,mG,True
G00818,宜蘭市建蘭北路225巷8弄口落地型變壓器量測,2017-12-27,宜蘭縣,宜蘭市,建蘭北路225巷8弄,落地型變壓器,3.254,mG,True
G00817,宜蘭市宜科一路口落地型變壓器量測,2017-12-27,宜蘭縣,宜蘭市,宜科一路,落地型變壓器,2.541,mG,True
J00940,全家便利商店_湖口千禧店_無線區域網路(Wi-Fi)量測,2017-12-28,新竹縣,湖口鄉,新竹縣湖口鄉千禧路1號1樓,無線區域網路(Wi-Fi),4.2297087E-05,mW/cm<sup>2</sup>,True
J00939,全家便利商店_湖口大功店_無線區域網路(Wi-Fi)量測,2017-12-28,新竹縣,湖口鄉,新竹縣湖口鄉成功路76-1號,無線區域網路(Wi-Fi),2.603656E-06,mW/cm<sup>2</sup>,True
J00938,全家便利商店_湖口成長店_無線區域網路(Wi-Fi)量測,2017-12-28,新竹縣,湖口鄉,新竹縣湖口鄉中山路二段127號,無線區域網路(Wi-Fi),2.574821E-06,mW/cm<sup>2</sup>,True
F01370,茄苳變電所,2017-12-12,新北市,汐止區,茄苳路183號,變電所,12.62,mG,True
G00816,宜蘭市宜科路落地型變壓器量測,2017-12-27,宜蘭縣,宜蘭市,宜科路,落地型變壓器,2.921,mG,True
G00815,宜蘭市宜科三路口落地型變壓器量測,2017-12-27,宜蘭縣,宜蘭市,宜科三路,落地型變壓器,2.52,mG,True
G00813,宜蘭市公園路369號前落地形變壓器量測,2017-12-27,宜蘭縣,宜蘭市,公園路369號,落地型變壓器,2.46,mG,True
F01378,景星變電所,2017-12-15,新北市,板橋區,四川路一段287號,變電所,19.1,mG,True
J00934,全家便利商店_湖口文化店_無線區域網路(Wi-Fi)量測,2017-12-21,新竹縣,湖口鄉,新竹縣湖口鄉文化路32號,無線區域網路(Wi-Fi),3.2203371E-05,mW/cm<sup>2</sup>,True
J00933,全家便利商店_湖口文和店_無線區域網路(Wi-Fi)量測,2017-12-21,新竹縣,湖口鄉,新竹縣湖口鄉仁和路178號,無線區域網路(Wi-Fi),3.303051E-06,mW/cm<sup>2</sup>,True
J00932,全家便利商店_湖口吉勝店_無線區域網路(Wi-Fi)量測,2017-12-21,新竹縣,湖口鄉,新竹縣湖口鄉勝利路二段1號1樓,無線區域網路(Wi-Fi),7.72373E-07,mW/cm<sup>2</sup>,True
J00931,全家便利商店_湖口新工業店_無線區域網路(Wi-Fi)量測,2017-12-21,新竹縣,湖口鄉,新竹縣湖口鄉工業一路36號1樓,無線區域網路(Wi-Fi),1.124219E-06,mW/cm<sup>2</sup>,True
J00936,湖口鄉工業一路_落地型變電箱量測,2017-12-21,新竹縣,湖口鄉,湖口鄉工業一路53號,落地型變壓器,5.294,mG,True
H01150,桃園市大溪區復興路一段495號_福安變電所,2017-11-24,桃園市,大溪區,復興路一段6之3號,變電所,8.5,mG,True
C00742,安和一街288巷103-8號附近,2017-11-16,基隆市,中正區,安和一街288巷103-8號附近,手機基地臺,0.004443,mW/cm<sup>2</sup>,True
V00924,基地台電磁波量測,2017-11-14,臺東縣,鹿野鄉,瑞源村瑞景路一段378號,手機基地臺,1.1E-06,mW/cm<sup>2</sup>,True
V00923,基地台電磁波量測,2017-11-14,臺東縣,鹿野鄉,瑞隆村瑞景路一段11鄰131巷7號旁空地,手機基地臺,9E-07,mW/cm<sup>2</sup>,True
O01034,落地型變壓器,2017-11-29,新竹市,東區,新竹市東南街142巷~143巷口附近,落地型變壓器,7.862,mG,True
O01028,落地型變壓器,2017-11-28,新竹市,東區,新竹市光復路2段450號附近,落地型變壓器,1.79,mG,True
O01027,落地型變壓器,2017-11-22,新竹市,東區,新竹市北大路458~462號附近,落地型變壓器,4.717,mG,True
O01026,落地型變壓器,2017-11-22,新竹市,東區,新竹市民族路224~230號附近,落地型變壓器,10.25,mG,True
O01025,落地型變壓器,2017-11-22,新竹市,東區,新竹市中正路626~630號附近,落地型變壓器,3.198,mG,True
J00928,竹北市中和街_落地型變電箱量測,2017-12-06,新竹縣,竹北市,中和街,落地型變壓器,0.625,mG,True
J00926,全家便利商店_新豐松林店_無線區域網路(W,2017-12-06,新竹縣,新豐鄉,新興路111號,無線區域網路(Wi-Fi),1.110013E-06,mW/cm<sup>2</sup>,True
J00925,全家便利商店_新豐泰安店_無線區域網路(Wi-Fi)量測,2017-12-06,新竹縣,新豐鄉,泰安街75、77、79號,無線區域網路(Wi-Fi),1.893759E-06,mW/cm<sup>2</sup>,True
J00924,全家便利商店_新豐泰安店_無線區域網路(Wi-Fi)量測,2017-12-06,新竹縣,新豐鄉,泰安街75、77、79號,無線區域網路(Wi-Fi),1.930932E-06,mW/cm<sup>2</sup>,True
J00923,全家便利商店_新豐建興店_無線區域網路(Wi-Fi)量測,2017-12-06,新竹縣,新豐鄉,建興路32號,無線區域網路(Wi-Fi),1.918501E-06,mW/cm<sup>2</sup>,True
J00922,全家便利商店_新豐大興店_無線區域網路(Wi-Fi)量測,2017-12-06,新竹縣,新豐鄉,建興路二段494、496號,無線區域網路(Wi-Fi),5.7779E-07,mW/cm<sup>2</sup>,True
O01024,落地型變壓器,2017-11-22,新竹市,東區,新竹市東大路2段387巷(載熙國小)旁,落地型變壓器,1.825,mG,True
J00927,新豐鄉泰安街與尚仁街口_落地型變電箱量測,2017-12-05,新竹縣,新豐鄉,泰安街與尚仁街口,落地型變壓器,6.263,mG,True
J00921,全家便利商店_新豐宏達店_無線區域網路(Wi-Fi)量測,2017-12-06,新竹縣,新豐鄉,新興路80號,無線區域網路(Wi-Fi),1.89993E-06,mW/cm<sup>2</sup>,True
O01021,落地型變壓器,2017-11-16,新竹市,東區,新竹市東華路16~20號附近,落地型變壓器,0.216,mG,True
V00927,手機基地台電磁波量測,2017-11-14,臺東縣,關山鎮,農會蔬菜產銷班第三班旁空地,手機基地臺,4E-07,mW/cm<sup>2</sup>,True
O01032,落地型變壓器,2017-11-29,新竹市,東區,新竹市東南街144號附近,落地型變壓器,0.74,mG,True
O01030,落地型變壓器,2017-11-28,新竹市,東區,新竹市光復路2段230號附近,落地型變壓器,1.055,mG,True
O01029,落地型變壓器,2017-11-28,新竹市,東區,新竹市金城路1段35巷口號附近,落地型變壓器,1.947,mG,True
O01023,落地型變壓器,2017-11-16,新竹市,東區,新竹市中華路4段32~330號附近,落地型變壓器,1.79,mG,True
J00919,竹北市縣政二路南段與科大一路路口_落地型變電箱量測,2017-12-05,新竹縣,竹北市,縣政二路南段與科大一路路口,落地型變壓器,16.32,mG,True
P10335,斗六捐血中心左前方,2017-11-30,雲林縣,斗六市,斗六捐血中心左前方,落地型變壓器,11.52,mG,True
V00914,落地型變壓器量測,2017-11-14,臺東縣,台東市,更生北路384巷中華電信公司機房前路邊,落地型變壓器,0.92,mG,True
P10334,全聯福利中心斗六莊敬店前,2017-11-30,雲林縣,斗六市,全聯福利中心斗六莊敬店前,落地型變壓器,62.29,mG,True
P10333,斗六成功1街15號前,2017-11-30,雲林縣,斗六市,斗六成功1街15號前,落地型變壓器,17.41,mG,True
V00909,落地型變壓器量測,2017-11-13,臺東縣,台東市,臨海路一段287號前路邊,落地型變壓器,7.34,mG,True
P10328,斗六廣西路20號前,2017-11-30,雲林縣,斗六市,斗六廣西路20號,落地型變壓器,1.115,mG,True
O01018,落地型變壓器,2017-11-15,新竹市,東區,新竹市東大路2段184~188號附近,落地型變壓器,3.17,mG,True
P10327,全聯福利中心斗六文化店前,2017-11-30,雲林縣,斗六市,全聯福利中心斗六文化店前,落地型變壓器,3.925,mG,True
P10325,斗六明德北路三段與廣西路交叉口,2017-11-30,雲林縣,斗六市,明德北路三段與廣西路交叉口,落地型變壓器,6.147,mG,True
P10330,斗六內環路與大同路交叉口,2017-11-30,雲林縣,斗六市,斗六內環路與大同路交叉口,落地型變壓器,2.161,mG,True
O01019,落地型變壓器,2017-11-15,新竹市,東區,新竹市康樂里活動中心附近,落地型變壓器,4.555,mG,True
P10329,斗六內環路與文化路交叉口,2017-11-30,雲林縣,斗六市,斗六內環路與文化路交叉口,落地型變壓器,8.308,mG,True
P10323,臺灣電力公司元長服務所左側,2017-11-30,雲林縣,元長鄉,臺灣電力公司元長服務所左側,落地型變壓器,5.357,mG,True
V00905,落地型變壓器量測,2017-11-13,臺東縣,台東市,臨海路三段431號台糖中興加油站前路邊,落地型變壓器,2.07,mG,True
O01016,落地型變壓器,2017-11-02,新竹市,東區,新竹市鐵道路1段146號對面(三民國小邊),落地型變壓器,4.738,mG,True
P10322,崙背建國路與永業路交叉口,2017-11-29,雲林縣,崙背鄉,建國路與永業路交叉口,落地型變壓器,8.946,mG,True
V00903,落地型變壓器量測,2017-11-13,臺東縣,台東市,中正路32號前路邊,落地型變壓器,4.78,mG,True
B01032,外埔區六分路237號(全家),2017-11-25,臺中市,外埔區,外埔區六分路237號,無線區域網路(Wi-Fi),2E-06,mW/cm<sup>2</sup>,True
B01031,外埔區甲后路三段1023號(7-11),2017-11-25,臺中市,外埔區,甲后路三段1023號,無線區域網路(Wi-Fi),3E-06,mW/cm<sup>2</sup>,True
B01030,后里區甲后路一段351號(7-11),2017-11-25,臺中市,后里區,后里區甲后路一段351號,無線區域網路(Wi-Fi),2E-06,mW/cm<sup>2</sup>,True
V00901,落地型變壓器量測,2017-11-13,臺東縣,台東市,開封街與浙江路口人行道上,落地型變壓器,14.58,mG,True
D01006,新市區中山路中油加油站旁落地型變壓器量測(N0905、BC63),2017-11-22,臺南市,新市區,臺南市新市區中山路中油加油站,落地型變壓器,5.73,mG,True
D00832,臺南市東區崇明國民小學,2015-06-23,臺南市,東區,臺南市東區崇明路698號,學校極低頻設施,204,mG,True
H01127,桃園市大園區環區東路與園三街口落地型變壓器量測,2017-06-19,桃園市,大園區,園三街口,落地型變壓器,6,mG,True
H01126,桃園市大園區環區北路與園五街口落地型變壓器量測,2017-06-19,桃園市,大園區,園五街口,落地型變壓器,6.4,mG,True
H01128,桃園市大園區許厝港路(近大觀路口)落地型變壓器量測,2017-06-19,桃園市,大園區,許厝港路,落地型變壓器,1.7,mG,True
D01001,仁德區公所前落地型變壓器量測(O0383、AB40),2017-11-03,臺南市,仁德區,臺南市仁德區中正路三段5號,落地型變壓器,1.888,mG,True
F01313,宏安變電所,2017-06-21,新北市,泰山區,義仁村30鄰文程路161號,變電所,13.85,mG,True
O00994,落地型變壓器,2017-03-17,新竹市,東區,新竹市北大路24-2號旁,落地型變壓器,2.78,mG,True
P10302,斗六明德北路72號前,2017-10-12,雲林縣,斗六市,明德北路72號,落地型變壓器,1.96,mG,True
J00929,全家便利商店_湖口新安宅店_無線區域網路(Wi-Fi)量測,2017-12-21,新竹縣,湖口鄉,新竹縣湖口鄉光復東路133號,無線區域網路(Wi-Fi),1.887599E-06,mW/cm<sup>2</sup>,True
G00814,宜蘭市公園路375號旁落地形變壓器量測,2017-12-27,宜蘭縣,宜蘭市,公園路375號,落地型變壓器,7.251,mG,True
F01379,江翠變電所,2017-12-15,新北市,板橋區,雙十路3段25號,變電所,10.56,mG,True
F01377,埔墘變電所,2017-12-15,新北市,板橋區,三民路二段249號,變電所,7.698,mG,True
F01374,中和變電所,2017-12-12,新北市,中和區,南工路1號,變電所,18.66,mG,True
J00935,全家便利商店_湖口仁和店_無線區域網路(Wi-Fi)量測,2017-12-21,新竹縣,湖口鄉,新竹縣湖口鄉仁和路45號,無線區域網路(Wi-Fi),2.610891E-06,mW/cm<sup>2</sup>,True
F01368,澳底D/S電磁場量測報告,2016-04-25,新北市,貢寮區,美豐村丹裡街1號,變電所,2.7,mG,True
V00929,基地台電磁波量測,2017-12-21,臺東縣,關山鎮,月眉里中和10號對面空地,手機基地臺,3E-07,mW/cm<sup>2</sup>,True
H01154,楊梅區環南路6號前落地型變壓器量測,2017-12-19,桃園市,楊梅區,環南路6號,落地型變壓器,4.7,mG,True
H01153,楊梅區中山南路167號前落地型變壓器量測,2017-12-19,桃園市,楊梅區,中山南路167號,落地型變壓器,5.3,mG,True
H01152,楊梅區中山北路一段279號前落地型變壓器量測,2017-12-19,桃園市,楊梅區,中山北路一段279號,落地型變壓器,39.7,mG,True
H01151,楊梅區中山北路一段77號前落地型變壓器量測,2017-12-19,桃園市,楊梅區,中山北路一段77號,落地型變壓器,45.6,mG,True
V00926,基地台電磁波量測,2017-11-14,臺東縣,池上鄉,忠孝路214號,手機基地臺,4.5E-06,mW/cm<sup>2</sup>,True
V00925,基地台電磁波量測,2017-11-14,臺東縣,池上鄉,仁愛路186號(仁愛華廈大樓)頂樓,手機基地臺,9.8E-06,mW/cm<sup>2</sup>,True
G00820,宜蘭市縣政九街45巷16弄6號前落地型變壓器量測,2017-12-27,宜蘭縣,宜蘭市,縣政九街45巷16弄6號,落地型變壓器,3.251,mG,True
J00909,竹北市復興一街_落地型變電箱量測,2017-11-10,新竹縣,竹北市,復興一街,落地型變壓器,1.128,mG,True
J00908,竹北市復興一路242-1號對面_落地型變電,2017-11-10,新竹縣,竹北市,復興一路242-1號,落地型變壓器,2.139,mG,True
J00906,竹北市文平路60號對面_落地型變電箱量測,2017-11-10,新竹縣,竹北市,文平路60號,落地型變壓器,7.679,mG,True
D00995,麻豆區總爺藝文中心前落地型變壓器量測(N0530、CA25),2017-09-22,臺南市,麻豆區,臺南市麻豆區南勢里總爺5號,落地型變壓器,2.371,mG,True
P10294,保源二街與保水路路口,2017-10-03,雲林縣,斗六市,保源二街與保水路路口,落地型變壓器,14.79,mG,True
E01142,LE106-09-001,2017-09-06,高雄市,苓雅區,高雄市苓雅區同慶路48號附近,落地型變壓器,45.767,mG,True
P10295,斗六市保源二街93號前,2017-10-03,雲林縣,斗六市,斗六市保源二街93號,落地型變壓器,0.678,mG,True
H01115,桃園市中壢區民權路二段19巷12號前落地型變壓器量測,2017-08-17,桃園市,中壢區,民權路二段19巷12號,落地型變壓器,206,mG,True
V00920,手機基地台電磁波量測,2017-11-14,臺東縣,卑南鄉,初鹿段3775地號,手機基地臺,1.5E-06,mW/cm<sup>2</sup>,True
J00920,竹北市科大一路278號前_落地型變電箱量測,2017-12-05,新竹縣,竹北市,科大一路278號,落地型變壓器,2.705,mG,True
V00919,手機基地台電磁波量測,2017-11-14,臺東縣,卑南鄉,美濃村東成42號樓頂,手機基地臺,6E-07,mW/cm<sup>2</sup>,True
O01022,落地型變壓器,2017-11-16,新竹市,東區,新竹市經國路1段2段409巷附近,落地型變壓器,1.486,mG,True
J00918,竹北市縣政二路南段81號前_落地型變電箱量測,2017-12-05,新竹縣,竹北市,縣政二路南段81號前,落地型變壓器,10.38,mG,True
V00918,落地型變壓器量測,2017-11-14,臺東縣,池上鄉,民生路中華電信公司機房前路邊,落地型變壓器,15.39,mG,True
O01020,落地型變壓器,2017-11-16,新竹市,東區,新竹市天府路與中清路口處附近,落地型變壓器,0.246,mG,True
J00917,竹北市縣政二路南段58號前_落地型變電箱量測,2017-12-05,新竹縣,竹北市,縣政二路南段58號前,落地型變壓器,14.06,mG,True
P10332,斗六平合街38號前,2017-11-30,雲林縣,斗六市,斗六平合街38號前,落地型變壓器,2.507,mG,True
P10331,斗六平合街41號前,2017-11-30,雲林縣,斗六市,斗六平合街41號前,落地型變壓器,48.69,mG,True
V00907,落地型變壓器量測,2017-11-13,臺東縣,台東市,臨海路三段358號358民宿對面路邊,落地型變壓器,2.52,mG,True
V00900,落地型變壓器量測,2017-11-13,臺東縣,台東市,四維路二段與浙江路口路邊,落地型變壓器,0.59,mG,True
O01015,落地型變壓器,2017-11-02,新竹市,東區,新竹市中華路1段301號對面,落地型變壓器,8.187,mG,True
P10321,崙背萊爾富前,2017-11-29,雲林縣,崙背鄉,崙背萊爾富前,落地型變壓器,75.42,mG,True
O01014,落地型變壓器,2017-11-15,新竹市,東區,新竹市鐵道路2段與湳雅街口處附近,落地型變壓器,3.33,mG,True
P10319,全家便利超商崙背永昌店旁,2017-11-29,雲林縣,崙背鄉,全家便利超商崙背永昌店旁,落地型變壓器,13.6,mG,True
O01010,落地型變壓器,2017-11-01,新竹市,東區,新竹市東大路2段511號~515號附近,落地型變壓器,1.066,mG,True
P10314,麥寮中山路262巷5號左前方,2017-11-29,雲林縣,麥寮鄉,中山路262巷5號左前方,落地型變壓器,25.27,mG,True
F01335,東林變電所,2017-11-24,新北市,林口區,工二區工四路20-1號,變電所,10.15,mG,True
B01033,大雅區雅環路二段348號(萊爾富),2017-11-28,臺中市,大雅區,大雅區雅環路二段348號,無線區域網路(Wi-Fi),3E-06,mW/cm<sup>2</sup>,True
D01008,南區金華公園旁南側落地型變壓器量測(P9584、BE49),2017-11-23,臺南市,南區,臺南市南區金華公園,落地型變壓器,38.88,mG,True
F01332,興珍變電所,2017-08-30,新北市,五股區,興珍村1鄰五權路42號,變電所,10.56,mG,True
O01033,落地型變壓器,2017-11-29,新竹市,東區,新竹市北大學府路125號附近,落地型變壓器,3.92,mG,True
O01009,落地型變壓器,2017-10-18,新竹市,東區,新竹市中央路355巷18~22號對面,落地型變壓器,3.11,mG,True
P10313,西螺中山路229巷12號前,2017-11-24,雲林縣,西螺鎮,西螺中山路229巷12號前,落地型變壓器,3.287,mG,True
J00907,竹北市文平路110號對面_落地型變電箱量測,2017-11-10,新竹縣,竹北市,文平路100號對面,落地型變壓器,13.42,mG,True
J00905,竹北市文平路38號對面_落地型變電箱量測,2017-11-10,新竹縣,竹北市,文平路38號,落地型變壓器,16.28,mG,True
F01327,淡水區淡金路38巷陳情,2017-08-30,新北市,板橋區,淡金路38巷76號3樓,家用電器(極低頻),0.365,mG,True
O01005,落地型變壓器,2017-10-18,新竹市,東區,新竹市民族路125號對面,落地型變壓器,1.375,mG,True
J00914,竹北市復興二路86號旁_落地型變電箱量測,2017-11-10,新竹縣,竹北市,復興二路86號,落地型變壓器,4.897,mG,True
O01004,落地型變壓器,2017-11-01,新竹市,東區,新竹市三民路與民權路口附近,落地型變壓器,4.717,mG,True
D01003,仁德教會旁落地型變壓器量測(Q0279、HA22),2017-11-03,臺南市,仁德區,臺南市仁德區中正路二段389號,落地型變壓器,3.415,mG,True
D01002,仁德區仁德運動公園西北側落地型變壓器量測(Q0382、GB8801),2017-11-03,臺南市,仁德區,仁德區仁德運動公園,落地型變壓器,2.908,mG,True
H01136,桃園市中壢區領航北路四段51號(五權變電所),2017-10-16,桃園市,中壢區,領航北路四段51號,變電所,5,mG,True
H01135,桃園市中壢區新生路425號(興國變電所),2017-10-16,桃園市,中壢區,新生路425號,變電所,27,mG,True
H01134,桃園市中壢區南園二路2號自立變電所,2017-10-16,桃園市,中壢區,南園二路2號,變電所,30.5,mG,True
O01007,落地型變壓器,2017-10-18,新竹市,東區,新竹市鐵道路1段85號對面,落地型變壓器,3.33,mG,True
O01006,落地型變壓器,2017-10-18,新竹市,東區,新竹市三民國中旁,落地型變壓器,2.37,mG,True
U10490,中山路737號前落地型變壓器量測,2017-11-14,花蓮縣,花蓮市,國富里中山路737號,落地型變壓器,22.3,mG,True
U10489,中山路747號前落地型變壓器量測,2017-11-14,花蓮縣,花蓮市,國富里中山路747號,落地型變壓器,3.4,mG,True
D01004,仁德區都會公園西北側落地型變壓器量測(P9975、BC14),2017-11-03,臺南市,仁德區,臺南市仁德區文華路二段62號,落地型變壓器,1.997,mG,True
H01130,桃園市中壢區民權路392巷口落地型變壓器量測,2017-08-07,桃園市,中壢區,民權路392巷口,落地型變壓器,36.5,mG,True
H01129,桃園市大園區許厝港路落地型變壓器量測,2017-06-19,桃園市,大園區,許厝港路,落地型變壓器,8.7,mG,True
H01133,桃園市中壢區中正路1312號(中大變電所),2017-10-16,桃園市,中壢區,三民里中正路1312號,變電所,11.1,mG,True
F01325,樹林變電所,2017-08-23,新北市,樹林區,備前街130號,變電所,27.11,mG,True
F01324,鶯北變電所,2017-08-23,新北市,樹林區,民和巷13號,變電所,19.77,mG,True
F01323,樹德變電所,2017-08-23,新北市,樹林區,羌寮里18鄰中正路280號,變電所,42.52,mG,True
F01321,五股變電所,2017-08-30,新北市,五股區,工商路123號,變電所,21.54,mG,True
F01319,樹安變電所,2017-08-23,新北市,樹林區,大安路84號,變電所,36.28,mG,True
F01317,興仁變電所,2017-07-14,新北市,淡水區,興仁路160號,變電所,14.89,mG,True
F01316,淡水變電所,2017-07-14,新北市,淡水區,英專路122巷8 號,變電所,15.54,mG,True
F01315,八里變電所,2017-07-14,新北市,八里區,博物館路111號,變電所,9.926,mG,True
M10185,南投市工業北路與工業北二路T字口,2017-10-30,南投縣,南投市,南投市工業北路與工業北二路T字口,落地型變壓器,19.97,mG,True
M10184,南投市工業路與工業北路交叉口,2017-10-30,南投縣,南投市,南投市工業北路交叉口,落地型變壓器,8.13,mG,True
M10183,南投市仁和路與工業路交叉口,2017-10-30,南投縣,南投市,南投市仁和路與工業路交叉口,落地型變壓器,9.15,mG,True
M10182,南投市仁和路與工業南三路T字口,2017-10-30,南投縣,南投市,南投市仁和路與工業南三路T字口,落地型變壓器,14.23,mG,True
M10181,南投市仁和路與成功三路交叉口,2017-10-30,南投縣,南投市,南投市仁和路與成功三路交叉口,落地型變壓器,17.01,mG,True
M10180,南投縣水里鄉中山路一段540號,2017-09-21,南投縣,水里鄉,南投縣水里鄉中山路一段540號,無線區域網路(Wi-Fi),1.8E-06,mW/cm<sup>2</sup>,True
M10179,南投市八德路600-1號7-11,2017-09-21,南投縣,南投市,南投市八德路600-1號7-11,無線區域網路(Wi-Fi),1.1E-06,mW/cm<sup>2</sup>,True
M10178,南投市彰南路三段53號全家,2017-09-21,南投縣,南投市,南投市彰南路三段53號全家,無線區域網路(Wi-Fi),5E-07,mW/cm<sup>2</sup>,True
O01001,落地型變壓器,2017-09-30,新竹市,東區,新竹市武陵西3路附近,落地型變壓器,1.23,mG,True
O01000,落地型變壓器,2017-09-30,新竹市,東區,新竹市北門街185巷附近,落地型變壓器,2.222,mG,True
O00999,落地型變壓器,2017-03-17,新竹市,東區,新竹市海埔2街與海埔路處,落地型變壓器,4.95,mG,True
O00997,落地型變壓器,2017-09-30,新竹市,東區,新竹市天府1段18號附近,落地型變壓器,2.73,mG,True
O00991,落第型變電器,2017-09-15,新竹市,東區,新竹市東大路2段517號旁,落地型變壓器,4.717,mG,True
M10177,南投市民族路289號7-11,2017-09-21,南投縣,南投市,南投市民族路289號7-11,無線區域網路(Wi-Fi),1.5E-06,mW/cm<sup>2</sup>,True
M10176,竹山鎮集山路二段58號7-11,2017-09-19,南投縣,竹山鎮,竹山鎮集山路二段58號7-11,無線區域網路(Wi-Fi),9E-06,mW/cm<sup>2</sup>,True
M10175,竹山鎮大智路57號7-11,2017-09-19,南投縣,竹山鎮,竹山鎮大智路57號7-11,無線區域網路(Wi-Fi),7E-07,mW/cm<sup>2</sup>,True
M10174,竹山鎮竹山路1-6-2號全家,2017-09-19,南投縣,竹山鎮,竹山鎮竹山路1-6-2號全家,無線區域網路(Wi-Fi),7E-07,mW/cm<sup>2</sup>,True
M10173,南投縣南投市復興路311號7-11,2017-09-11,南投縣,南投市,南投縣南投市復興路311號7-11,無線區域網路(Wi-Fi),7E-07,mW/cm<sup>2</sup>,True
M10172,南投縣南投市中山一街6號中華電信,2017-09-11,南投縣,南投市,南投縣南投市中山一街6號中華電信,無線區域網路(Wi-Fi),5.6E-06,mW/cm<sup>2</sup>,True
M10171,南投縣南投市復興路340號全家,2017-09-11,南投縣,南投市,南投縣南投市復興路340號全家,無線區域網路(Wi-Fi),1.1E-06,mW/cm<sup>2</sup>,True
M10170,南投縣名間鄉彰南路71-5號7-11,2017-09-11,南投縣,名間鄉,南投縣名間鄉彰南路71-5號7-11,無線區域網路(Wi-Fi),4E-07,mW/cm<sup>2</sup>,True
O01002,落地型變壓器,2017-09-30,新竹市,東區,新竹市武陵西2路附近,落地型變壓器,3.11,mG,True
O00998,落地型變壓器,2017-09-15,新竹市,東區,新竹市民族路62號附近,落地型變壓器,1.85,mG,True
G00799,台9線110K+995處基地台量測,2017-10-25,宜蘭縣,蘇澳鎮,台9線110K+995,手機基地臺,0.00304,mW/cm<sup>2</sup>,True
G00798,台9線111K處基地台量測,2017-10-25,宜蘭縣,蘇澳鎮,台九線111K,手機基地臺,0.00432,mW/cm<sup>2</sup>,True
M10167,南投縣草屯鎮正興街78號全家,2017-09-08,南投縣,草屯鎮,南投縣草屯鎮正興街78號全家,無線區域網路(Wi-Fi),1.2E-06,mW/cm<sup>2</sup>,True
P10312,斗六北平路32巷1號前,2017-10-16,雲林縣,斗六市,北平路32巷1號前,落地型變壓器,120.5,mG,True
P10311,斗六南京路12號左側,2017-10-13,雲林縣,斗六市,南京路12號,落地型變壓器,3.251,mG,True
P10310,斗六南京路12號前,2017-10-13,雲林縣,斗六市,南京路12號,落地型變壓器,49.24,mG,True
P10309,全國電子斗六漢口門市旁,2017-10-13,雲林縣,斗六市,全國電子,落地型變壓器,10.31,mG,True
P10308,兆豐銀行斗六分行前,2017-10-13,雲林縣,斗六市,兆豐銀行,落地型變壓器,8.13,mG,True
P10307,元長鄉路安30號前,2017-10-13,雲林縣,元長鄉,路安30號前,落地型變壓器,4.666,mG,True
D01007,關廟區保東派出所前落地型變壓器量測(Q1088、CC61),2017-11-22,臺南市,關廟區,臺南市關廟區保東派出所,落地型變壓器,8.109,mG,True
U10451,台11線海洋公園前8.8K處基地台量測,2017-03-17,花蓮縣,壽豐鄉,台11線8.8K旁,手機基地臺,8E-07,mW/cm<sup>2</sup>,True
U10450,台11線10.6K處基地台量測,2017-03-17,花蓮縣,壽豐鄉,台11線10.6K旁,手機基地臺,2.6E-06,mW/cm<sup>2</sup>,True
Q10267,新港鄉潭大村嘉68線上,2017-07-27,嘉義縣,新港鄉,新港鄉潭大村嘉68線上,手機基地臺,0.00207,mW/cm<sup>2</sup>,True
Q10258,東石鄉栗子崙360號前,2017-06-02,嘉義縣,東石鄉,東石鄉栗子崙360號前,手機基地臺,0.00281,mW/cm<sup>2</sup>,True
P10324,臺灣電力公司元長服務所前,2017-11-30,雲林縣,元長鄉,臺灣電力公司元長服務所,落地型變壓器,3.196,mG,True
O01017,落地型變壓器,2017-11-15,新竹市,東區,新竹市東大路2段453號附近,落地型變壓器,4.141,mG,True
P10320,臺灣電力公司崙背服務所前,2017-12-04,雲林縣,崙背鄉,臺灣電力公司崙背服務所,落地型變壓器,64.6,mG,True
O01013,落地型變壓器,2017-11-01,新竹市,東區,新竹市北大路460號附近,落地型變壓器,2.875,mG,True
O01012,落地型變壓器,2017-11-02,新竹市,東區,新竹市自由路27巷口附近,落地型變壓器,1.57,mG,True
V00904,落地型變壓器量測,2017-11-13,臺東縣,台東市,知本路一段918巷對面省道路邊,落地型變壓器,16.86,mG,True
B01029,后里區民生路1號(7-11),2017-11-25,臺中市,后里區,民生路1號,無線區域網路(Wi-Fi),2E-06,mW/cm<sup>2</sup>,True
V00902,落地型變壓器量測,2017-11-13,臺東縣,台東市,中正路衛生福利部台東醫院急診室前人行道上,落地型變壓器,18.95,mG,True
V00898,落地型變壓器量測,2017-11-13,臺東縣,台東市,興安路880巷口,落地型變壓器,2.51,mG,True
V00895,落地型變壓器量測,2017-11-13,臺東縣,台東市,太原路二段58號前路邊,落地型變壓器,7.32,mG,True
H01140,桃園市大溪區仁和路一段16巷77號前落地型變壓器量測,2017-11-24,桃園市,桃園區,桃園市大溪區仁和路一段16巷77號前,落地型變壓器,14.5,mG,True
P10318,崙背衛生所前,2017-11-29,雲林縣,崙背鄉,崙背衛生所前,落地型變壓器,17.5,mG,True
O01011,落地型變壓器,2017-11-02,新竹市,東區,新竹市經國路1段2段409巷旁,落地型變壓器,1.11,mG,True
P10317,崙背京城銀行左前方,2017-11-29,雲林縣,崙背鄉,崙背京城銀行左前方,落地型變壓器,15.93,mG,True
P10316,崙背京城銀行右前方,2017-11-29,雲林縣,崙背鄉,京城銀行右前方,落地型變壓器,52.08,mG,True
P10315,麥寮國小側門口,2017-11-29,雲林縣,麥寮鄉,麥寮國小側門口,落地型變壓器,12.04,mG,True
B01036,中區光復路127號(7-11),2017-11-28,臺中市,中區,中區光復路127號,無線區域網路(Wi-Fi),3E-06,mW/cm<sup>2</sup>,True
B01035,中區公園路19之2號(全家),2017-11-28,臺中市,中區,中區公園路19之2號,無線區域網路(Wi-Fi),3E-06,mW/cm<sup>2</sup>,True
B01034,大雅區學府路209號(7-11),2017-11-28,臺中市,大雅區,大雅區學府路209號,無線區域網路(Wi-Fi),3E-06,mW/cm<sup>2</sup>,True
V00899,落地型變壓器量測,2017-11-13,臺東縣,台東市,馬亨亨大道玉雲宮前路邊,落地型變壓器,0.76,mG,True
V00897,落地型變壓器量測,2017-11-13,臺東縣,台東市,台9線386.5K處路邊,落地型變壓器,0.75,mG,True
D01005,新市區迎曦湖東側落地型變壓器量測(N0708、ED56),2017-11-22,臺南市,新市區,臺南市新市區迎曦湖,落地型變壓器,5.996,mG,True
V00896,落地型變壓器量測,2017-11-13,臺東縣,台東市,青海路二段52號,落地型變壓器,3.85,mG,True
O01008,落地型變壓器,2017-11-01,新竹市,東區,新竹市天府1段18號附近,落地型變壓器,3.92,mG,True
O01031,落地型變壓器,2017-11-28,新竹市,東區,新竹市光復路2段313號附近,落地型變壓器,0.327,mG,True
J00916,竹北市光明六路東二段_落地型變電箱量測,2017-11-10,新竹縣,竹北市,光明六路東二段,落地型變壓器,0.832,mG,True
J00915,竹北市復興一街_落地型變電箱量測,2017-11-10,新竹縣,竹北市,復興一街,落地型變壓器,2.142,mG,True
J00913,竹北市嘉豐八街22號對面_落地型變電箱量測,2017-11-10,新竹縣,竹北市,嘉豐八街22號對面,落地型變壓器,5.178,mG,True
J00912,竹北市復興二街_落地型變電箱量測,2017-11-10,新竹縣,竹北市,復興二街,落地型變壓器,2.913,mG,True
J00911,竹北市嘉豐九路_落地型變電箱量測,2017-11-10,新竹縣,竹北市,嘉豐九路,落地型變壓器,4.708,mG,True
J00910,竹北市復興一街與嘉豐南路口_落地型變電箱量測,2017-11-10,新竹縣,竹北市,復興一街與嘉豐南路,落地型變壓器,5.455,mG,True
O00992,落地型變壓器,2017-09-15,新竹市,東區,新竹市民權路121巷口附近,落地型變壓器,4.77,mG,True
O00990,落第型變電器,2017-09-15,新竹市,東區,新竹市三民路與民權路交界處附近,落地型變壓器,1.066,mG,True
G00802,台9線108K處基地台量測,2017-10-25,宜蘭縣,蘇澳鎮,台9線108K,手機基地臺,0.00772,mW/cm<sup>2</sup>,True
G00801,蘇澳稽查站旁基地台量測,2017-10-25,宜蘭縣,蘇澳鎮,蘇花路五段50號,手機基地臺,0.00401,mW/cm<sup>2</sup>,True
G00800,台9線110K+990處基地台量測,2017-10-25,宜蘭縣,蘇澳鎮,台9線110K+990,手機基地臺,0.00412,mW/cm<sup>2</sup>,True
M10169,南投縣南投市育樂路99號全家,2017-09-08,南投縣,南投市,南投縣南投市育樂路99號全家,無線區域網路(Wi-Fi),4.9E-06,mW/cm<sup>2</sup>,True
M10168,南投縣草屯鎮中山街247號全家,2017-09-08,南投縣,草屯鎮,南投縣草屯鎮中山街247號全家,無線區域網路(Wi-Fi),3.2E-06,mW/cm<sup>2</sup>,True
M10166,南投縣竹山鎮集山路三段129號全家,2017-08-11,南投縣,竹山鎮,南投縣竹山鎮集山路三段129號全家,無線區域網路(Wi-Fi),1.7E-06,mW/cm<sup>2</sup>,True
M10165,南投縣鹿谷鄉中正路二段77號全家,2017-08-11,南投縣,鹿谷鄉,南投縣鹿谷鄉中正路二段77號全家,無線區域網路(Wi-Fi),1.3E-06,mW/cm<sup>2</sup>,True
P10299,台中銀行斗南分行前,2017-10-03,雲林縣,斗南鎮,台中銀行,落地型變壓器,13.03,mG,True
F01302,安康變電所,2017-05-02,新北市,新店區,安豐路68號,變電所,12.05,mG,True
M10164,南投縣竹山鎮自強路176號7-11,2017-08-08,南投縣,竹山鎮,南投縣竹山鎮自強路176號7-11,無線區域網路(Wi-Fi),2.91E-05,mW/cm<sup>2</sup>,True
M10163,南投縣竹山鎮延正里延正路45之30號7-11,2017-08-08,南投縣,竹山鎮,南投縣竹山鎮延正里延正路45之30號7-11,無線區域網路(Wi-Fi),3E-07,mW/cm<sup>2</sup>,True
D00999,麻豆區監理站前落地型變壓器量測(N0231、GL53),2017-09-22,臺南市,麻豆區,臺南市麻豆區新生北路551號,落地型變壓器,7.484,mG,True
D00998,麻豆區龍鳳宮對面落地型變壓器量測(N0330、AE94),2017-09-22,臺南市,麻豆區,臺南市麻豆區大埕里中正路139號,落地型變壓器,0.962,mG,True
D00997,麻豆區公所前落地型變壓器量測(N0430、AB17),2017-09-22,臺南市,麻豆區,臺南市麻豆區東角里忠孝路250號,落地型變壓器,3.841,mG,True
P10301,斗南福懋加油站（光華站),2017-10-03,雲林縣,斗南鎮,福懋加油站（光華站),落地型變壓器,0.815,mG,True
P10300,斗南惠生大藥局旁,2017-10-03,雲林縣,斗南鎮,惠生大藥局,落地型變壓器,11.67,mG,True
P10298,斗南全家便利商店(西岐店）,2017-10-11,雲林縣,斗南鎮,全家便利商店,落地型變壓器,46.9,mG,True
P10297,斗南承恩陸橋下,2017-10-03,雲林縣,斗南鎮,承恩陸橋下,落地型變壓器,14.94,mG,True
P10296,斗六消防局前,2017-10-03,雲林縣,斗六市,消防局,落地型變壓器,1.452,mG,True
P10305,斗六人文公園廁所前,2017-10-12,雲林縣,斗六市,人文公園,落地型變壓器,6.564,mG,True
P10306,豐田汽車斗六營業所前,2017-10-12,雲林縣,斗六市,豐田汽車,落地型變壓器,9.539,mG,True
P10303,斗六明德北路三段192號前,2017-10-12,雲林縣,斗六市,明德北路三段192號,落地型變壓器,28.75,mG,True
D00996,嘉南農田水利會麻豆工作站前落地型變壓器量測(N0430、AA62),2017-09-22,臺南市,麻豆區,臺南市麻豆區興中路233號,落地型變壓器,34.77,mG,True
O00988,落地型變壓器,2017-03-17,新竹市,東區,新竹市東大路2段449號~451號附近,落地型變壓器,0.89,mG,True
O00987,落地型變壓器,2017-03-17,新竹市,東區,新竹市民族路125號旁,落地型變壓器,1.23,mG,True
A01215,市府東門對面(松智路上)無線網路量測,2017-09-25,臺北市,信義區,市府東門對面(松智路上),無線區域網路(Wi-Fi),0.00099,mW/cm<sup>2</sup>,True
A01214,北投路與大興路口無線網路電磁波檢測,2017-09-04,臺北市,北投區,北投路與大興路口,無線區域網路(Wi-Fi),0.00056,mW/cm<sup>2</sup>,True
Q10255,太保市台37線嘉縣府0467號路燈旁,2017-06-01,嘉義縣,太保市,太保市台37線嘉縣府0467號路燈旁,落地型變壓器,0.966,mG,True
Q10254,太保市台37線嘉縣府0463號路燈旁,2017-05-31,嘉義縣,太保市,太保市台37線嘉縣府0463號路燈旁,落地型變壓器,0.688,mG,True
Q10253,太保市高鐵大道嘉縣府0192號路燈旁,2017-05-31,嘉義縣,太保市,太保市高鐵大道嘉縣府0192號路燈旁,落地型變壓器,18.7,mG,True
Q10252,太保市高鐵大道嘉縣府0182號路燈旁,2017-05-31,嘉義縣,太保市,太保市高鐵大道嘉縣府0182號路燈旁,落地型變壓器,11.49,mG,True
Q10251,太保市高鐵大道嘉縣府0179號路燈旁,2017-05-31,嘉義縣,太保市,太保市高鐵大道嘉縣府0179號路燈旁,落地型變壓器,0.87,mG,True
Q10250,太保市保鐵一路嘉縣府0171號路燈旁,2017-06-01,嘉義縣,太保市,太保市保鐵一路嘉縣府0171號路燈旁,落地型變壓器,1.364,mG,True
F01092,深美ES電磁場報告,2015-07-01,新北市,深坑區,昇高村北深路一段249巷6號,變電所,55.1,mG,True
H01112,桃園市中壢區環西路二段373號前落地型變壓器量測,2017-08-17,桃園市,中壢區,環西路二段373號前,落地型變壓器,59.7,mG,True
H01111,桃園市中壢區環西路二段325號前落地型變壓器量測,2017-08-17,桃園市,桃園區,中壢區環西路二段325號,落地型變壓器,38.4,mG,True
H01110,大華變電所量測,2017-09-07,桃園市,蘆竹區,大竹村大新路166號,變電所,58,mG,True
V00891,基地台電磁波量測,2017-08-03,臺東縣,卑南鄉,初鹿段351地號,手機基地臺,0.00225,mW/cm<sup>2</sup>,True
Q10289,民雄鄉三興路196號前,2017-08-04,嘉義縣,民雄鄉,民雄鄉三興路196號前,落地型變壓器,6.955,mG,True
A01222,臺北市政府7樓東北區辦公區無線網路電磁波量測,2017-09-25,臺北市,信義區,市府路1號,無線區域網路(Wi-Fi),0.001808,mW/cm<sup>2</sup>,True
A01221,臺北市政府7樓東北區走道無線網路電磁波量測,2017-09-25,臺北市,信義區,市府路1號,無線區域網路(Wi-Fi),0.000211,mW/cm<sup>2</sup>,True
A01220,松壽路與松智路口無線網路電磁波量測,2017-09-25,臺北市,信義區,松壽路與松智路口,無線區域網路(Wi-Fi),0.00102,mW/cm<sup>2</sup>,True
M10161,草屯鎮草溪路605號全家便利商店,2017-06-30,南投縣,草屯鎮,草屯鎮草溪路605號,無線區域網路(Wi-Fi),1.9E-05,mW/cm<sup>2</sup>,True
M10162,草屯鎮富林路一段320號全家便利商店,2017-06-30,南投縣,草屯鎮,草屯鎮富林路一段320號,無線區域網路(Wi-Fi),7E-06,mW/cm<sup>2</sup>,True
V00890,基地台電磁波量測,2017-08-03,臺東縣,卑南鄉,初鹿段351地號,手機基地臺,0.00221,mW/cm<sup>2</sup>,True
Q10294,太保市保鐵七路靠近168線上,2017-07-27,嘉義縣,太保市,太保市保鐵七路靠近168線上,落地型變壓器,1.26,mG,True
Q10288,民雄鄉三興路170號前,2017-08-15,嘉義縣,民雄鄉,民雄鄉三興路170號前,落地型變壓器,2.153,mG,True
J00900,全家便利商店_竹北大悅店_無線區域網路(Wi-Fi)量測,2017-09-07,新竹縣,竹北市,勝利八街一段225號,無線區域網路(Wi-Fi),1.930932E-06,mW/cm<sup>2</sup>,True
Q10284,民雄鄉三興路129號前,2017-08-04,嘉義縣,民雄鄉,民雄鄉三興路129號,落地型變壓器,4.108,mG,True
Q10293,民雄鄉神農路38號前,2017-08-15,嘉義縣,民雄鄉,民雄鄉神農路38號前,落地型變壓器,2.859,mG,True
Q10292,民雄鄉神農路36號前,2017-08-15,嘉義縣,民雄鄉,民雄鄉神農路36號前,落地型變壓器,3.15,mG,True
Q10291,民雄鄉神農三街與神農路口,2017-08-15,嘉義縣,民雄鄉,民雄鄉神農三街與神農路口,落地型變壓器,3.539,mG,True
A01219,松高路與松智路口無線網路電磁波量測,2017-09-27,臺北市,信義區,松高路與松智路口,無線區域網路(Wi-Fi),0.000591,mW/cm<sup>2</sup>,True
A01218,松高路與松仁路口無線網路電磁波量測,2017-09-27,臺北市,信義區,松高路與松仁路口,無線區域網路(Wi-Fi),0.00209,mW/cm<sup>2</sup>,True
A01217,松高路16號對面無線網路電磁波量測,2017-09-25,臺北市,信義區,松高路16號對面,無線區域網路(Wi-Fi),0.000241,mW/cm<sup>2</sup>,True
A01216,市府路及松高路口無線網路電磁波量測,2017-09-25,臺北市,信義區,市府路及松高路口,無線區域網路(Wi-Fi),0.00102,mW/cm<sup>2</sup>,True
H01114,桃園市中壢區環北路10號前落地型變壓器量測,2017-09-19,桃園市,中壢區,環北路10號,落地型變壓器,18.9,mG,True
H01113,桃園市中壢區環北路6號前落地型變壓器量測,2017-08-17,桃園市,中壢區,環北路6號,落地型變壓器,45.1,mG,True
H01107,南崁變電所量測,2017-09-07,桃園市,蘆竹區,南山路3段13號,變電所,24.6,mG,True
V00892,基地台電磁波量測,2017-08-03,臺東縣,卑南鄉,初鹿段351地號,手機基地臺,0.00157,mW/cm<sup>2</sup>,True
Q10283,民雄鄉三興二街96號旁,2017-08-04,嘉義縣,民雄鄉,民雄鄉三興二街96號旁,落地型變壓器,9.778,mG,True
H01117,桃園市中壢區光明里、新明里、永光里聯合集會所前落地型變壓器量測,2017-08-17,桃園市,中壢區,光明里、新明里、永光里聯合集會所前,落地型變壓器,4.4,mG,True
H01119,桃園市中壢區環西路二段185之2號對面落地型變壓器量測,2017-08-17,桃園市,中壢區,環西路二段185之2號對面,落地型變壓器,50.2,mG,True
H01118,桃園市中壢區中央西路二段141巷79號前落地型變壓器量測,2017-08-17,桃園市,中壢區,中央西路二段141巷79號,落地型變壓器,14.2,mG,True
J00902,全家便利商店_竹北大漾店_無線區域網路(Wi-Fi)量測,2017-09-07,新竹縣,竹北市,博愛南路9號,無線區域網路(Wi-Fi),1.930932E-06,mW/cm<sup>2</sup>,True
J00901,全家便利商店_竹北成功店_無線區域網路(Wi-Fi)量測,2017-09-07,新竹縣,竹北市,成功八路160號,無線區域網路(Wi-Fi),2.161551E-06,mW/cm<sup>2</sup>,True
Q10287,民雄鄉三興路173號前,2017-08-04,嘉義縣,民雄鄉,民雄鄉三興路173號前,落地型變壓器,2.436,mG,True
H01109,長安變電所量測,2017-09-07,桃園市,蘆竹區,南工路一段20號,變電所,12.2,mG,True
H01108,蘆竹變電所量測,2017-09-07,桃園市,蘆竹區,海山路1段350號,變電所,15,mG,True
J00904,全家便利商店_竹北竹風店_無線區域網路(Wi-Fi)量測,2017-09-07,新竹縣,竹北市,環北路一段113號,無線區域網路(Wi-Fi),1.081873E-06,mW/cm<sup>2</sup>,True
J00903,全家便利商店_竹北大漾店_無線區域網路(Wi-Fi)量測,2017-09-07,新竹縣,竹北市,博愛街523號,無線區域網路(Wi-Fi),1.930932E-06,mW/cm<sup>2</sup>,True
D00994,新化區基督長老教會門口處落地型變壓器量測(Q1097、EB58),2017-08-23,臺南市,新化區,新化區中山路207號,落地型變壓器,15.94,mG,True
D00993,新化區大目降廣場西側落地型變壓器量測(Q1096、DD18),2017-08-23,臺南市,新營區,臺南市新化區中正路和平街,落地型變壓器,14.14,mG,True
D00992,新化區稽徵所門口前落地型變壓器量測(Q0998、HD68),2017-08-23,臺南市,新化區,臺南市新化區中正路588號,落地型變壓器,5.992,mG,True
D00991,新化區地政事務所西北側落地型變壓器量測(N0901、AD96),2017-08-23,臺南市,新化區,臺南市新化區中正路1160號,落地型變壓器,9.475,mG,True
D00990,官田區職訓局大門南側落地型變壓器量測(N1236、C08320),2017-08-11,臺南市,官田區,臺南市官田區官田工業區工業路40號,落地型變壓器,18.43,mG,True
Q10290,民雄鄉三興路176號前,2017-08-04,嘉義縣,民雄鄉,民雄鄉三興路176號前,落地型變壓器,11.39,mG,True
H01085,桃園市中壢區環西路二段257號前落地型變壓器量測,2017-08-17,桃園市,中壢區,環西路二段257號前,落地型變壓器,73.5,mG,True
X10202,馬公市石滬廣場旁落地型變電器,2017-08-10,澎湖縣,馬公市,石滬廣場旁,落地型變壓器,260,mG,True
H01086,桃園市中壢區環西路二段289號前落地型變壓器量測,2017-08-17,桃園市,桃園區,環西路二段289號,落地型變壓器,232,mG,True
H01084,桃園市中壢區環西路二段185之2號前落地型變壓器量測,2017-08-17,桃園市,中壢區,環西路二段185之2號,落地型變壓器,10.4,mG,True
U10488,玉里圓環旁落地型變壓器量測-3,2017-08-16,花蓮縣,玉里鎮,中山路一段218號前,落地型變壓器,47.6,mG,True
U10487,玉里圓環旁落地型變壓器量測-2,2017-08-16,花蓮縣,玉里鎮,中山路一段203號前,落地型變壓器,19.6,mG,True
U10486,玉里圓環旁落地型變壓器量測-1,2017-08-16,花蓮縣,玉里鎮,中山路二段7之2號,落地型變壓器,5.8,mG,True
U10485,玉里中山路二段19號前落地型變壓器量測,2017-08-16,花蓮縣,玉里鎮,中山路二段19號,落地型變壓器,43.2,mG,True
Q10281,民雄鄉三興路145號前,2017-08-04,嘉義縣,民雄鄉,民雄鄉三興路145號前,落地型變壓器,6.948,mG,True
E01141,LE106-08-003,2017-08-15,高雄市,苓雅區,高雄市苓雅區福德三路367-1號附近,落地型變壓器,130.01,mG,True
U10483,北埔新訓中心對面落地型變壓器量測,2017-08-10,花蓮縣,新城鄉,嘉里村嘉里路138號旁,落地型變壓器,38.8,mG,True
U10482,嘉里路202號旁落地型變壓器量測,2017-08-10,花蓮縣,新城鄉,嘉里村嘉里路202號旁,落地型變壓器,2,mG,True
U10481,北埔一貫道道場前落地型變壓器量測,2017-08-10,花蓮縣,新城鄉,北埔村北埔路140之1號前,落地型變壓器,3.5,mG,True
U10480,新城國中前落地型變壓器量測,2017-08-10,花蓮縣,新城鄉,北埔村北埔路143號前,落地型變壓器,32.5,mG,True
X10201,馬公市中正路大創百貨前落地型變電器,2017-07-20,澎湖縣,馬公市,馬公市中正路大創百貨前,落地型變壓器,125.6,mG,True
X10200,馬公市城隍廟停車場旁落地型變電器,2017-07-20,澎湖縣,馬公市,馬公市城隍廟停車場旁,落地型變壓器,71.4,mG,True
X10199,馬公市建國路42-1號前落地型變電器,2017-07-20,澎湖縣,馬公市,馬公市建國路42-1號前,落地型變壓器,332,mG,True
E01140,LE106-08-002,2017-08-07,高雄市,前金區,高雄市前金區七賢二路18號附近,落地型變壓器,28.111,mG,True
E01139,LE106-08-001,2017-08-01,高雄市,苓雅區,高雄市苓雅區憲政路212號附近,落地型變壓器,129.03,mG,True
X10198,馬公市新生路富國海鮮後落地型變電器,2017-07-19,澎湖縣,馬公市,馬公市新生路富國海鮮後,落地型變壓器,45,mG,True
X10197,馬公市民權路51號前落地型變電器,2017-07-19,澎湖縣,馬公市,馬公市民權路51號前,落地型變壓器,49.9,mG,True
Q10280,民雄鄉三興路91號旁,2017-08-04,嘉義縣,民雄鄉,民雄鄉三興路91號旁,落地型變壓器,8.535,mG,True
Q10279,三興路106號旁,2017-08-04,嘉義縣,民雄鄉,三興路106號旁,落地型變壓器,8.164,mG,True
Q10277,太保市保鐵二路停車場左側對面,2017-07-27,嘉義縣,太保市,太保市保鐵二路停車場左側對面,落地型變壓器,1.712,mG,True
Q10276,太保市保鐵二路停車場左側,2017-07-27,嘉義縣,太保市,太保市保鐵二路停車場左側,落地型變壓器,1.802,mG,True
Q10275,太保市保鐵二路停車場右側對面,2017-07-27,嘉義縣,太保市,太保市保鐵二路停車場右側對面,落地型變壓器,1.48,mG,True
H01083,桃園市中壢區青埔消防分隊前落地型變壓器量測,2017-07-20,桃園市,中壢區,青埔消防分隊,落地型變壓器,14.3,mG,True
H01082,桃園市中壢區青埔派出所旁落地型變壓器量測,2017-07-20,桃園市,中壢區,青埔派出所,落地型變壓器,6.2,mG,True
H01081,桃園市中壢區永泰路與公園路二段交叉口落地型變壓器量測,2017-07-20,桃園市,中壢區,永泰路與公園路二段交叉口,落地型變壓器,54.8,mG,True
H01080,桃園市中壢區民權路四段640號前,2017-07-20,桃園市,中壢區,民權路四段640號,落地型變壓器,14.5,mG,True
H01079,桃園市中壢區民權路四段557巷1-18號前落地型變壓器量測,2017-07-20,桃園市,中壢區,民權路四段557巷1-18號,落地型變壓器,6.3,mG,True
H01078,桃園市中壢區民權路四段730-740號前落地型變壓器量測,2017-07-20,桃園市,中壢區,民權路四段730-740號,落地型變壓器,23.6,mG,True
H01077,桃園市大園區環區東路450-458號前落地型變壓器量測,2017-07-20,桃園市,大園區,環區東路450-458號,落地型變壓器,3.3,mG,True
H01076,桃園市大園區環區東路380號前落地形變壓器量測,2017-07-20,桃園市,大園區,環區東路380號,落地型變壓器,17,mG,True
Q10282,三興路101號對面,2017-08-04,嘉義縣,民雄鄉,三興路101號對面,落地型變壓器,6.542,mG,True
X10196,馬公市陽明路32號前落地型變電器,2017-07-19,澎湖縣,馬公市,馬公市陽明路32號前,落地型變壓器,3.8,mG,True
X10195,馬公市文化路11號前落地型變電器,2017-07-19,澎湖縣,馬公市,馬公市文化路11號前,落地型變壓器,25,mG,True
X10194,馬公市福朋喜來登前落地型變電器,2017-07-14,澎湖縣,馬公市,馬公市福朋喜來登前,落地型變壓器,0.9,mG,True
D00987,永康區農會前落地型變壓器量測(Q0395、EE39),2017-07-19,臺南市,永康區,永康區農會,落地型變壓器,1.992,mG,True
Q10274,太保市保鐵二路停車場右側,2017-07-27,嘉義縣,太保市,太保市保鐵二路停車場右側,落地型變壓器,1.8,mG,True
Q10273,太保市保鐵七路上,2017-07-27,嘉義縣,太保市,太保市保鐵七路上,落地型變壓器,1.194,mG,True
D00986,永康區就業中心前落地型變壓器量測(O0495、BC51),2017-07-19,臺南市,永康區,永康區就業中心,落地型變壓器,40.15,mG,True
Q10272,太保市保鐵一路嘉縣府0163號路燈旁,2017-08-03,嘉義縣,太保市,太保市保鐵一路嘉縣府0163號路燈旁,落地型變壓器,1.804,mG,True
Q10271,太保市保鐵一路嘉縣府0162號路燈旁,2017-08-03,嘉義縣,太保市,太保市保鐵一路嘉縣府0162號路燈旁,落地型變壓器,1.876,mG,True
Q10270,太保市台37線與保鐵一路路口,2017-08-03,嘉義縣,太保市,太保市台37線與保鐵一路路口,落地型變壓器,2.581,mG,True
Q10269,太保市台37線嘉縣府0407路燈旁,2017-07-27,嘉義縣,太保市,太保市台37線嘉縣府0407路燈旁,落地型變壓器,2.159,mG,True
Q10268,溪口鄉美北村南崙幹21左支6左分10,2017-07-24,嘉義縣,溪口鄉,溪口鄉美北村南崙幹21左支6左分10,手機基地臺,0.00285,mW/cm<sup>2</sup>,True
Q10265,義竹鄉嘉22線約4公里處,2017-07-24,嘉義縣,義竹鄉,義竹鄉嘉22線約4公里處,手機基地臺,0.00296,mW/cm<sup>2</sup>,True
D00988,永康區探索教育公園北側落地型變壓器量測(Q0494、AA67),2017-07-19,臺南市,永康區,探索教育公園,落地型變壓器,0.976,mG,True
X10192,馬公市案山里經國路46號前落地型變電器,2017-07-14,澎湖縣,馬公市,馬公市案山里經國路46號前,落地型變壓器,2.9,mG,True
X10193,馬公市文光路全聯停車場旁落地型變電器,2017-07-14,澎湖縣,馬公市,馬公市文光路全聯停車場旁,落地型變壓器,12.1,mG,True
E01135,LE106-07-001,2017-07-25,高雄市,鳳山區,高雄市鳳山區誠義路189號附近,落地型變壓器,39.796,mG,True
U10484,玉里郵局前落地型變壓器量測,2017-08-16,花蓮縣,玉里鎮,光復路125號,落地型變壓器,7,mG,True
X10203,馬公市中正路多那之旁落地型變電器,2017-08-10,澎湖縣,馬公市,中正路多那之旁,落地型變壓器,209.8,mG,True
A01208,八德路四段610號無線網路電磁波量測,2017-07-24,臺北市,松山區,八德路四段610號,無線區域網路(Wi-Fi),0.001641,mW/cm<sup>2</sup>,True
A01204,南港路三段49號旁落地型變壓器量測,2017-07-24,臺北市,南港區,南港路三段49號,落地型變壓器,9.8,mG,True
A01203,忠孝東路與松信路口落地型變壓器量測,2017-07-24,臺北市,信義區,忠孝東路與松信路口,落地型變壓器,10.8,mG,True
A01202,忠孝東路五段289號旁落地型變壓器量測,2017-07-24,臺北市,信義區,忠孝東路五段289號,落地型變壓器,4.5,mG,True
U10479,海岸路199號對面落地型變壓器量測,2017-07-13,花蓮縣,吉安鄉,海岸路154號,落地型變壓器,75.5,mG,True
A01201,八德路四段827號對面,2017-07-24,臺北市,松山區,八德路四段827號對面,落地型變壓器,4.1,mG,True
A01199,八德路四段795號對面落地型變壓器量測,2017-07-24,臺北市,松山區,八德路四段795號對面,落地型變壓器,10.8,mG,True
U10478,北濱街2之2號對面落地型變壓器量測,2017-07-13,花蓮縣,花蓮市,北濱街2之2號對面,落地型變壓器,25,mG,True
E01134,HE106-07-001,2017-07-25,高雄市,苓雅區,高雄市苓雅區三多二路171號13F,手機基地臺,0.0451,mW/cm<sup>2</sup>,True
A01213,饒河街253號無線網路電磁波量測,2017-07-24,臺北市,松山區,饒河街253號,無線區域網路(Wi-Fi),0.000689,mW/cm<sup>2</sup>,True
A01212,舊宗路和新湖二路交岔口無線網路電磁波量測,2017-07-27,臺北市,內湖區,舊宗路和新湖二路交岔口,無線區域網路(Wi-Fi),0.001423,mW/cm<sup>2</sup>,True
A01211,南港路三段50巷口無線網路電磁波量測,2017-07-24,臺北市,南港區,南港路三段50巷口,無線區域網路(Wi-Fi),0.001629,mW/cm<sup>2</sup>,True
A01210,南港路三段9號無線網路電磁波量測,2017-07-24,臺北市,南港區,南港路三段9號,無線區域網路(Wi-Fi),0.000629,mW/cm<sup>2</sup>,True
A01209,行善路與舊宗路交叉口無線網路電磁波量測,2017-07-24,臺北市,內湖區,行善路與舊宗路交叉口,無線區域網路(Wi-Fi),0.000568,mW/cm<sup>2</sup>,True
A01200,八德路四段817號對面落地型變壓器量測,2017-07-24,臺北市,松山區,八德路四段817號,落地型變壓器,5.3,mG,True
U10477,北濱街8號對面落地型變壓器量測,2017-07-13,花蓮縣,花蓮市,北濱街9巷6號旁,落地型變壓器,8.5,mG,True
E01130,HE106-06-002 (FM金聲廣播電臺),2017-06-13,高雄市,苓雅區,高雄市苓雅區光華ㄧ路206號25樓附近,FM廣播電臺,0.0015,mW/cm<sup>2</sup>,True
U10475,林介公園門口落地型變壓器量測,2017-07-10,花蓮縣,花蓮市,介林九街17號對面,落地型變壓器,9.2,mG,True
A01194,信義區公所正門左側-落地型變壓器量測,2017-07-10,臺北市,信義區,信義區公所正門左側,落地型變壓器,18.8,mG,True
A01207,松山捷運站五號出口落地型變壓器量測,2017-07-25,臺北市,松山區,松山捷運站五號出口,落地型變壓器,10.8,mG,True
A01206,南港路三段149巷口落地型變壓器檢測,2017-07-24,臺北市,南港區,南港路三段149巷,落地型變壓器,12.6,mG,True
A01205,南港路三段204號對面落地型變壓器量測,2017-07-25,臺北市,南港區,南港路三段204號對面,落地型變壓器,10.1,mG,True
U10476,北濱街與五權街口落地型變壓器量測,2017-07-13,花蓮縣,花蓮市,五權街9之1號旁,落地型變壓器,13.2,mG,True
V00888,落地型變壓器量測,2017-07-03,臺東縣,台東市,臨海路一段38號凱旋星光酒店附近,落地型變壓器,3.85,mG,True
E01131,HE106-06-003 (FM南臺灣之聲廣播電臺),2017-06-13,高雄市,苓雅區,新光路38號38樓之1附近,FM廣播電臺,0.0007,mW/cm<sup>2</sup>,True
U10474,鳳仁國小旁落地型變壓器量測,2017-07-07,花蓮縣,鳳林鎮,光復路94號,落地型變壓器,5.5,mG,True
E01128,LE106-06-004,2017-06-27,高雄市,苓雅區,高雄市苓雅區輔仁路與武廟路交叉,落地型變壓器,14.196,mG,True
V00889,落地型變壓器量測,2017-07-03,臺東縣,台東市,臨海路一段183巷37號前路邊,落地型變壓器,4.45,mG,True
A01198,臺北市政府東門對面無線區域網路電磁波量測,2017-07-10,臺北市,信義區,臺北市政府東門對面,無線區域網路(Wi-Fi),0.00025,mW/cm<sup>2</sup>,True
A01197,信光三越A11前(松壽路上)-無線區域網路電磁波量測,2017-07-10,臺北市,信義區,信光三越A11前(松壽路上),無線區域網路(Wi-Fi),0.00063,mW/cm<sup>2</sup>,True
A01196,松智路與信義路口(101旁)-無線區域網路電磁波量測,2017-07-10,臺北市,信義區,松智路與信義路口(101旁),無線區域網路(Wi-Fi),0.00039,mW/cm<sup>2</sup>,True
A01195,松智路與信義路口-無線區域網路電磁波量測,2017-07-10,臺北市,信義區,松智路與信義路口,無線區域網路(Wi-Fi),0.00043,mW/cm<sup>2</sup>,True
E01129,LE106-06-005,2017-06-28,高雄市,小港區,高雄市小港區鳳陽路2號,落地型變壓器,110.63,mG,True
A01192,健康路與塔悠路交叉口(松山抽水站對面)-落地型變電箱電磁波量測,2017-05-02,臺北市,松山區,健康路與塔悠路235號,落地型變壓器,16.5,mG,True
A01191,健康路與三民路交叉口(西松公園前)-落地型變電箱電磁波量測,2017-03-13,臺北市,松山區,健康路與三民路交叉口(西松公園前),落地型變壓器,16.8,mG,True
A01193,健康路與寶清路交叉口-落地型變電箱電磁波量測,2017-03-13,臺北市,松山區,健康路與寶清路交叉口,落地型變壓器,22.6,mG,True
A01183,萬芳路萬芳三號公園前-落地型變壓器,2017-02-13,臺北市,文山區,萬芳路萬芳三號公園前,落地型變壓器,1,mG,True
A01182,萬利街9號對面-落地型變壓器,2017-02-13,臺北市,文山區,萬利街9號對面,落地型變壓器,1.7,mG,True
A01190,健康路塔悠路交岔口-落地型變電箱電磁波量測,2017-05-02,臺北市,松山區,健康路塔悠路交岔口,落地型變壓器,22.6,mG,True
A01186,八德路四段768巷1弄口-無線網路電磁波量測,2017-03-13,臺北市,南港區,八德路四段768巷1弄,無線區域網路(Wi-Fi),0.00017,mW/cm<sup>2</sup>,True
A01185,萬芳路64巷口前-站臺式變壓器,2017-02-13,臺北市,文山區,萬芳路64巷口前,站臺式變壓器,1.9,mG,True
A01181,萬利街5號對面-落地形變壓器,2017-02-13,臺北市,文山區,萬利街5號,落地型變壓器,1.6,mG,True
A01180,萬利街3號-落地形變壓器,2017-02-13,臺北市,文山區,萬利街3號,落地型變壓器,0.6,mG,True
A01187,健康路268號旁-落地型變電箱電磁波量測,2017-03-13,臺北市,松山區,健康路268號,落地型變壓器,21.3,mG,True
B01005,台中市北區華美街二段318號前(麻頭園溪旁),2017-06-25,臺中市,北區,臺中市北區華美街二段318號,落地型變壓器,0.105,mG,True
Q10259,義竹鄉嘉22線約6.3公里處,2017-06-16,嘉義縣,義竹鄉,義竹鄉嘉22線約6.3公里處,手機基地臺,0.00229,mW/cm<sup>2</sup>,True
Q10257,布袋鎮九司廟前約300公尺,2017-06-02,嘉義縣,布袋鎮,布袋鎮九司廟前約300公尺,手機基地臺,0.00207,mW/cm<sup>2</sup>,True
Q10256,東石鄉彩霞大道400號旁,2017-06-02,嘉義縣,東石鄉,東石鄉彩霞大道400號旁,落地型變壓器,2.883,mG,True
M10153,草屯鎮立人路158巷63號前,2017-06-13,南投縣,草屯鎮,草屯鎮立人路158巷63號,站臺式變壓器,2.09,mG,True
X10191,澎20鄉道湖西鄉隘門沙灘中華電信-基地台,2017-03-21,澎湖縣,湖西鄉,湖西鄉隘門村60號,手機基地臺,0.092,mW/cm<sup>2</sup>,True
X10188,澎7鄉道白沙鄉遠傳電信-基地台,2017-03-21,澎湖縣,白沙鄉,澎7鄉道白沙鄉遠傳電信基地台,手機基地臺,0.093,mW/cm<sup>2</sup>,True
X10184,馬公市鎖港里巨國企業-基地台,2017-03-20,澎湖縣,馬公市,馬公市鎖港里1923號,手機基地臺,0.129,mW/cm<sup>2</sup>,True
M10150,南投市彰南路三段(貓羅溪橋下),2017-06-13,南投縣,南投市,南投市彰南路三段(貓羅溪橋下),落地型變壓器,3.61,mG,True
X10180,西嶼鄉竹灣活動中心後落地型變電器,2017-03-16,澎湖縣,西嶼鄉,竹灣活動中心後,落地型變壓器,25.4,mG,True
V00886,台東市宏東世貿大樓A棟東側基地台量測,2017-06-12,臺東縣,台東市,四維路三段11~17號,手機基地臺,0.00938,mW/cm<sup>2</sup>,True
X10178,西嶼鄉西臺古堡落地型變電器,2017-03-16,澎湖縣,西嶼鄉,西臺古堡,落地型變壓器,0.9,mG,True
E01117,LE106-05-006,2017-05-12,高雄市,三民區,高雄市三民區十全ㄧ路46號附近,落地型變壓器,69.171,mG,True
M10148,南投市光華路與光華七路口(中興分局斜對面),2017-06-06,南投縣,南投市,南投市光華路與光華七路口(中興分局斜對面),落地型變壓器,16.35,mG,True
M10155,草屯鎮碧山南路185號(草屯消防隊前),2017-06-20,南投縣,草屯鎮,草屯鎮碧山南路185號,站臺式變壓器,17.52,mG,True
M10154,草屯鎮碧山路與復興路口(復興派出所旁),2017-06-20,南投縣,草屯鎮,草屯鎮碧山路與復興路口,站臺式變壓器,99.7,mG,True
M10156,草屯鎮復興路455號前(草屯鎮復興里集會所對面),2017-06-13,南投縣,草屯鎮,草屯鎮復興路455號,站臺式變壓器,3.16,mG,True
M10151,南投市彰南路三段1195號(富有天賞社區),2017-06-13,南投縣,南投市,南投市彰南路三段1195號,站臺式變壓器,0.71,mG,True
X10190,馬公市鎖港中華電信-基地台,2017-03-20,澎湖縣,馬公市,馬公市五德里37-1號,手機基地臺,0.045,mW/cm<sup>2</sup>,True
X10189,白沙鄉中華電信-基地台,2017-03-21,澎湖縣,白沙鄉,白沙鄉赤崁村357-2號,手機基地臺,0.019,mW/cm<sup>2</sup>,True
X10182,馬公市風櫃里基地台,2017-03-20,澎湖縣,馬公市,馬公市風櫃里基地台,手機基地臺,0.084,mW/cm<sup>2</sup>,True
V00887,台東市宏東世貿大樓A棟西側基地台量測,2017-06-12,臺東縣,台東市,四維路三段11~17號,手機基地臺,0.02122,mW/cm<sup>2</sup>,True
U10470,美妙藝觀光花園左側落地型變壓器量測-2,2017-06-16,花蓮縣,吉安鄉,北昌村中央路三段451號前,落地型變壓器,16.2,mG,True
U10469,美妙藝觀光花園左側落地型變壓器量測-1,2017-06-16,花蓮縣,吉安鄉,北昌村中央路三段451號前,落地型變壓器,39.5,mG,True
U10468,池南路一段116號對面落地型變壓器量測,2017-06-16,花蓮縣,壽豐鄉,池南村池南路一段116號對面,落地型變壓器,1.2,mG,True
M10145,南投市向陽路與向上路口,2017-06-06,南投縣,南投市,南投市向陽路與向上路口,落地型變壓器,20.61,mG,True
B01004,臺中市北屯區中清路二段896號(麥當勞旁工地前),2017-06-25,臺中市,北屯區,臺中市北屯區中清路二段896號,落地型變壓器,2.228,mG,True
X10175,白沙鄉赤崁活動中心前落地型變電器,2017-03-15,澎湖縣,白沙鄉,赤崁社區活動中心前,落地型變壓器,75.7,mG,True
E01113,LE106-05-002,2017-05-01,高雄市,苓雅區,高雄市苓雅區福德三路96號附近,落地型變壓器,92.501,mG,True
E01112,LE106-05-001,2017-05-01,高雄市,苓雅區,高雄市苓雅區明德街1號附近,落地型變壓器,53.193,mG,True
Q10261,鹿草鄉下潭提防0+700K處,2017-06-27,嘉義縣,鹿草鄉,鹿草鄉下潭提防0+700K處,手機基地臺,0.00286,mW/cm<sup>2</sup>,True
Q10260,鹿草鄉163線27公里處,2017-06-16,嘉義縣,鹿草鄉,鹿草鄉163線27公里處,手機基地臺,0.00237,mW/cm<sup>2</sup>,True
X10186,西嶼山麗山莊入口-基地台,2017-03-21,澎湖縣,西嶼鄉,西嶼山麗山莊入口前,手機基地臺,0.017,mW/cm<sup>2</sup>,True
E01119,LE106-05-008,2017-05-17,高雄市,楠梓區,高雄市楠梓區常德路20號附近,落地型變壓器,5.168,mG,True
E01118,LE106-05-007,2017-05-15,高雄市,鼓山區,高雄市鼓山區迪化街64號附近,落地型變壓器,45.591,mG,True
X10185,西嶼燈塔入口處,2017-03-21,澎湖縣,西嶼鄉,西嶼燈塔入口處,手機基地臺,0.065,mW/cm<sup>2</sup>,True
X10183,馬公市山水里-基地台,2017-03-20,澎湖縣,馬公市,馬公市山水里300號旁,手機基地臺,0.037,mW/cm<sup>2</sup>,True
X10173,白沙鄉白沙農會落地型變電器,2017-03-15,澎湖縣,白沙鄉,白沙農會,落地型變壓器,7.3,mG,True
X10170,湖西鄉隘門空軍基地旁落地型變電器,2017-03-14,澎湖縣,湖西鄉,隘門空軍基地旁,落地型變壓器,40,mG,True
X10187,湖西鄉公所前中華電信基地台,2017-03-21,澎湖縣,湖西鄉,湖西鄉湖西村77-16號,手機基地臺,0.095,mW/cm<sup>2</sup>,True
X10181,西嶼鄉合界村7-11前落地型變電器,2017-03-16,澎湖縣,西嶼鄉,合界村7-11前,落地型變壓器,27.7,mG,True
X10179,西嶼鄉二崁村落地型變電器,2017-03-16,澎湖縣,西嶼鄉,二崁村,落地型變壓器,5.5,mG,True
M10149,南投市南崗三路242號(台亞石油冠旭加油站前),2017-06-13,南投縣,南投市,南投市南崗三路242號(台亞石油冠旭加油站前),落地型變壓器,8.96,mG,True
V00885,台東市宏東世貿大樓B棟西側基地台量測,2017-06-12,臺東縣,台東市,四維路三段11~17號,手機基地臺,0.03033,mW/cm<sup>2</sup>,True
U10473,正義街與復興街交叉口旁落地型變壓器量測,2017-06-20,花蓮縣,花蓮市,正義街1號旁,落地型變壓器,21.6,mG,True
U10472,復興街126號對面落地型變壓器量測,2017-06-20,花蓮縣,花蓮市,復興街126號對面,落地型變壓器,10.9,mG,True
U10471,復興街130號對面落地型變壓器量測,2017-06-20,花蓮縣,花蓮市,復興街130號對面,落地型變壓器,55.7,mG,True
V00884,台東市宏東世貿大樓B棟東側基地台量測,2017-06-12,臺東縣,台東市,四維路三段11~17號,手機基地臺,0.02069,mW/cm<sup>2</sup>,True
M10147,南投市光華路(財政部國庫署旁),2017-06-06,南投縣,南投市,南投市光華路(財政部國庫署旁),落地型變壓器,8.9,mG,True
M10146,南投市省府路與營北路口,2017-06-06,南投縣,南投市,南投市省府路與營北路口,落地型變壓器,4.21,mG,True
E01116,LE106-05-005,2017-05-12,高雄市,苓雅區,高雄市苓雅區明德街157號附近,落地型變壓器,62.738,mG,True
E01115,LE106-05-004,2017-05-08,高雄市,前鎮區,高雄市前鎮區班超路93號附近,落地型變壓器,130.5,mG,True
E01114,LE106-05-003,2017-05-03,高雄市,前鎮區,高雄市前鎮區鎮中路115號附近,落地型變壓器,32.441,mG,True
X10177,西嶼鄉外垵溫王宮前落地型變電器,2017-03-16,澎湖縣,西嶼鄉,外垵溫王宮前,落地型變壓器,16.3,mG,True
X10176,白沙鄉歧頭遊憩區落地型變電器,2017-03-15,澎湖縣,白沙鄉,歧頭遊憩區,落地型變壓器,9.7,mG,True
X10171,隘門社區落地型變電器,2017-03-14,澎湖縣,湖西鄉,隘門社區,落地型變壓器,10.7,mG,True
X10167,林投公園停車場落地型變電器,2017-03-14,澎湖縣,湖西鄉,林投公園停車場,落地型變壓器,2.1,mG,True
F01299,七張變電所,2017-05-02,新北市,新店區,寶橋路101號,變電所,11.57,mG,True
X10174,白沙鄉北海遊客中心旁落地型變電器,2017-03-15,澎湖縣,白沙鄉,北海遊客中心旁,落地型變壓器,7.9,mG,True
X10172,白沙鄉民眾服務社前落地型變電器,2017-03-15,澎湖縣,白沙鄉,白沙鄉民眾服務社前,落地型變壓器,22.5,mG,True
E01111,LE106-04-004,2017-04-25,高雄市,苓雅區,高雄市苓雅區福安路473號附近,落地型變壓器,97.115,mG,True
X10169,湖西鄉全聯福利中心旁落地型變電器,2017-03-14,澎湖縣,湖西鄉,湖西全聯福利中心旁,落地型變壓器,67.7,mG,True
X10168,湖西鄉衛生所旁落地型變電器,2017-03-14,澎湖縣,湖西鄉,湖西鄉衛生所旁,落地型變壓器,17.3,mG,True
D00985,善化區茄拔派出所前落地型變壓器量測(N1219、BD82),2017-05-23,臺南市,善化區,茄拔派出所,落地型變壓器,209.1,mG,True
M10143,南投縣南投市光明一路67號光復國小大門口前,2017-05-25,南投縣,南投市,南投縣南投市光明一路67號,落地型變壓器,22.8,mG,True
M10142,南投市光明路1號國家文官學院大門旁,2017-05-22,南投縣,南投市,南投市光明路1號,落地型變壓器,2.89,mG,True
E01110,LE106-04-003,2017-04-21,高雄市,楠梓區,高雄市楠梓區後昌路599號附近,落地型變壓器,108.87,mG,True
F01298,大豐變電所,2017-05-02,新北市,新店區,建國路246號,變電所,16.52,mG,True
M10144,草屯鎮富林路一段320號全家便利商店前,2017-05-25,南投縣,草屯鎮,草屯鎮富林路一段320號,落地型變壓器,13.81,mG,True
M10141,南投市光明路35號光明派出所對面,2017-05-22,南投縣,南投市,光明路35號,落地型變壓器,7.1,mG,True
D00980,北區臺南公園西南側落地型變壓器量測(P9789、FE2201),2017-05-12,臺南市,北區,臺南公園,落地型變壓器,4.469,mG,True
U10460,中原國小前落地型變壓器量測,2017-05-11,花蓮縣,花蓮市,中原路531號,落地型變壓器,11.7,mG,True
U10459,和平路91號前落地型變壓器量測,2017-05-11,花蓮縣,花蓮市,和平路91號,落地型變壓器,25.3,mG,True
