FacilityID,FacilityName,ReportPeriod,VOCs,UnitsOfVOCs,TSP,UnitsOfTSP,SOx,UnitsOfSOx,NOx,UnitsOfNOx,Status
Z6603001,馬祖酒廠實業股份有限公司(東引酒廠),2018年第1季,1.183,公噸,0,公噸,0.001,公噸,0.076,公噸,完成核算
Z6600019,台灣電力股份有限公司馬祖區營業處-東引電廠,2018年第1季,0.006,公噸,0.524,公噸,0.472,公噸,33.547,公噸,完成核算
Z6503042,台灣電力股份有限公司馬祖區營業處-西莒電廠,2018年第1季,0.002,公噸,0.239,公噸,0.121,公噸,15.716,公噸,完成核算
Z6303328,台灣電力(股)公司協和發電廠馬祖珠山分廠-珠山機組,2018年第1季,0.002,公噸,2.126,公噸,11.022,公噸,161.144,公噸,完成核算
Z6303006,馬祖酒廠實業股份有限公司,2018年第1季,3.62,公噸,0,公噸,0.001,公噸,0.129,公噸,完成核算
Z6300023,台灣電力(股)公司協和發電廠馬祖珠山分廠-南竿機組,2018年第1季,0.006,公噸,0.612,公噸,0.37,公噸,53.487,公噸,完成核算
X0901036,台灣電力股份有限公司澎湖區營業處七美發電廠,2018年第1季,0.028,公噸,0.397,公噸,0.058,公噸,14.628,公噸,完成核算
X0801031,台灣電力股份有限公司澎湖區營業處望安發電廠,2018年第1季,0.023,公噸,0.2,公噸,0.047,公噸,17.048,公噸,完成核算
X0704126,共合造船廠,2018年第1季,0.402,公噸,0,公噸,0,公噸,0,公噸,完成核算
X0704117,金泉泰造船廠,2018年第1季,0.028,公噸,0,公噸,0,公噸,0,公噸,完成核算
X0695248,新東和造船廠,2018年第1季,0.17,公噸,0,公噸,0,公噸,0,公噸,完成核算
X0604130,國福造船廠,2018年第1季,0.17,公噸,0,公噸,0,公噸,0,公噸,完成核算
X0595627,昌億預拌混凝土有限公司(二),2018年第1季,0,公噸,1.24,公噸,0,公噸,0,公噸,完成申報
X0504493,新珊洗衣店,2018年第1季,0.01,公噸,0,公噸,0,公噸,0,公噸,完成核算
X0504233,豪信預拌混凝土有限公司林投廠,2018年第1季,0,公噸,0,公噸,0,公噸,0,公噸,完成核算
X0504180,台灣中油股份有限公司油品行銷事業部嘉義營業處馬公行銷服務中心,2018年第1季,2.031,公噸,0,公噸,0,公噸,0,公噸,核算確認中
X0501527,空軍馬公基地勤務隊,2018年第1季,0,公噸,0,公噸,0,公噸,0,公噸,完成核算
X0501447,法務部矯正署澎湖監獄,2018年第1季,0,公噸,0,公噸,0,公噸,0,公噸,完成核算
X0501296,泰永企業行水泥預拌混凝土廠,2018年第1季,0.032,公噸,0.677,公噸,0.061,公噸,0.05,公噸,完成核算
X0501241,柄森企業有限公司湖西廠,2018年第1季,0,公噸,4.466,公噸,0,公噸,0,公噸,完成季登錄確認
X0501232,臺灣電力股份有限公司尖山發電廠,2018年第1季,0.013,公噸,7.262,公噸,117.847,公噸,219.255,公噸,完成核算
X04A3374,明新洗衣店,2018年第1季,0,公噸,0,公噸,0.076,公噸,0.053,公噸,完成核算
X04A2871,權耀工程有限公司,2018年第1季,0.191,公噸,3.005,公噸,0.056,公噸,0.089,公噸,完成核算
X04A1477,展豐保麗龍廠,2018年第1季,0.007,公噸,0,公噸,0.274,公噸,0.19,公噸,完成核算
X04A0726,光美洗衣店,2018年第1季,0.01,公噸,0,公噸,0,公噸,0,公噸,完成核算
X04A0677,富勝造船廠,2018年第1季,0.17,公噸,0,公噸,0,公噸,0,公噸,完成核算
X04A0667,重光洗衣店,2018年第1季,0.02,公噸,0,公噸,0,公噸,0,公噸,完成核算
X04A0627,明清洗衣店,2018年第1季,0.02,公噸,0,公噸,0,公噸,0,公噸,完成核算
X04A0617,顏遜造船所,2018年第1季,0.216,公噸,0,公噸,0,公噸,0,公噸,完成核算
X04A0607,宏興造船廠,2018年第1季,0.007,公噸,0,公噸,0,公噸,0,公噸,完成核算
X04A0598,麗衣坊洗衣店,2018年第1季,0.02,公噸,0,公噸,0,公噸,0,公噸,完成核算
X04A0588,快而潔洗衣店大仁店,2018年第1季,0.02,公噸,0,公噸,0,公噸,0,公噸,完成核算
X04A0578,快而潔洗衣店民生店,2018年第1季,0.01,公噸,0,公噸,0,公噸,0,公噸,完成核算
X04A0558,進泉企業行,2018年第1季,0.746,公噸,0,公噸,0,公噸,0,公噸,完成核算
X04A0548,芳鄰洗衣店,2018年第1季,0,公噸,0,公噸,0,公噸,0,公噸,完成核算
X04A0439,華信洗衣店,2018年第1季,0.03,公噸,0,公噸,0,公噸,0,公噸,完成核算
X04A0429,全統洗衣店,2018年第1季,0.03,公噸,0,公噸,0,公噸,0,公噸,完成核算
X04A0201,藍木商行,2018年第1季,0,公噸,0,公噸,0,公噸,0,公噸,完成核算
X04A0162,富國印刷廠,2018年第1季,0,公噸,0,公噸,0,公噸,0,公噸,完成核算
X0405824,三軍總醫院澎湖分院附設民眾診療服務處,2018年第1季,0.001,公噸,0,公噸,0.001,公噸,0.137,公噸,完成核算
X0405735,新來來租賃行,2018年第1季,0,公噸,0,公噸,0.01,公噸,0.007,公噸,完成核算
X0405655,嘉華大飯店有限公司,2018年第1季,0,公噸,0,公噸,0,公噸,0.005,公噸,完成核算
X0405575,衛生福利部澎湖老人之家,2018年第1季,0.001,公噸,0,公噸,0,公噸,0.002,公噸,完成核算
X0405128,和順企業行,2018年第1季,0.023,公噸,0,公噸,0.052,公噸,0.05,公噸,完成核算
X0405093,皓仁預拌企業有限公司,2018年第1季,0,公噸,1.143,公噸,0,公噸,0,公噸,完成季登錄確認
X0402341,豪信預拌混凝土有限公司,2018年第1季,0,公噸,0,公噸,0,公噸,0,公噸,完成申報
X0402243,興周造船廠,2018年第1季,0.221,公噸,0,公噸,0,公噸,0,公噸,完成核算
X0402038,澎興造船廠,2018年第1季,0,公噸,0,公噸,0,公噸,0,公噸,完成核算
X0402010,昇億船舶工業股份有限公司,2018年第1季,0.003,公噸,0,公噸,0,公噸,0,公噸,完成核算
X0402001,行政院農業委員會水產試驗所澎湖海洋生物研究中心馬公試驗場,2018年第1季,0,公噸,0,公噸,0,公噸,0,公噸,完成核算
X0401906,中鼎豆類食品工廠,2018年第1季,0,公噸,0,公噸,0.068,公噸,0.047,公噸,完成核算
X0401862,寰一實業有限公司,2018年第1季,0,公噸,0,公噸,0.154,公噸,0.107,公噸,完成核算
X0401728,佳期企業股份有限公司,2018年第1季,0,公噸,0,公噸,0,公噸,0.009,公噸,完成核算
X0401719,勝國大飯店股份有限公司,2018年第1季,0,公噸,0,公噸,0.036,公噸,0.025,公噸,完成核算
X0401657,澎湖縣馬公市中興國民小學,2018年第1季,0,公噸,0,公噸,0,公噸,0.002,公噸,完成核算
X0401639,澎湖縣馬公市中正國民小學,2018年第1季,0,公噸,0,公噸,0,公噸,0.003,公噸,完成核算
X0401586,台灣電力股份有限公司澎湖區營業處虎井發電廠,2018年第1季,0.006,公噸,0,公噸,0.002,公噸,6.08,公噸,完成核算
X0401577,華勇預拌混凝土有限公司,2018年第1季,0,公噸,1.576,公噸,0,公噸,0,公噸,完成季登錄確認
X0401559,龍峰預拌混凝土有限公司,2018年第1季,0,公噸,0.232,公噸,0,公噸,0,公噸,完成季登錄確認
X0400132,寶華大飯店股份有限公司,2018年第1季,0,公噸,0,公噸,0,公噸,0.007,公噸,完成核算
X0400061,郁洲瀝青工業有限公司,2018年第1季,0,公噸,0.015,公噸,0,公噸,0,公噸,完成核算
W0804065,華邦企業社,2018年第1季,0.002,公噸,0,公噸,0,公噸,0,公噸,完成核算
W0803559,台灣電力股份有限公司塔山發電廠麒麟分廠,2018年第1季,0.009,公噸,0.255,公噸,0.122,公噸,28.345,公噸,完成核算
W0803264,開利汽車保養廠,2018年第1季,0,公噸,0,公噸,0,公噸,0,公噸,完成核算
W0803255,發福車行,2018年第1季,0,公噸,0,公噸,0,公噸,0,公噸,完成核算
W0803059,發美營造有限公司,2018年第1季,0.008,公噸,0,公噸,0,公噸,0,公噸,完成核算
W0605446,明興汽車行,2018年第1季,0.018,公噸,0,公噸,0,公噸,0,公噸,完成核算
W0603693,東林汽車修護保養廠,2018年第1季,0,公噸,0,公噸,0,公噸,0,公噸,完成核算
W0603675,金門遠東酒廠股份有限公司,2018年第1季,0,公噸,0,公噸,0,公噸,0,公噸,完成核算
W0603666,振弘,2018年第1季,0.004,公噸,0,公噸,0,公噸,0,公噸,完成核算
W0603540,金門縣殯葬管理所,2018年第1季,0.002,公噸,0,公噸,0,公噸,0,公噸,完成核算
W0600021,金門酒廠實業股份有限公司金寧廠,2018年第1季,75.279,公噸,1.452,公噸,0.123,公噸,4.494,公噸,完成核算
W0505245,信源汽車,2018年第1季,0.002,公噸,0,公噸,0,公噸,0,公噸,完成核算
W0505236,穎哲企業社,2018年第1季,0.006,公噸,0,公噸,0,公噸,0,公噸,完成核算
W0504775,台灣電力股份有限公司塔山發電廠,2018年第1季,0.07,公噸,6.439,公噸,62.861,公噸,566.594,公噸,完成核算
W0503858,信華洗衣店,2018年第1季,0.2,公噸,0,公噸,0,公噸,0,公噸,完成核算
W0503849,譽都汽車有限公司,2018年第1季,0.003,公噸,0,公噸,0,公噸,0,公噸,完成核算
W0503821,海濱乾洗中心,2018年第1季,0,公噸,0,公噸,0,公噸,0,公噸,完成核算
W0503803,永升汽車有限公司,2018年第1季,0.006,公噸,0,公噸,0,公噸,0,公噸,完成核算
W0503796,全進汽車股份有限公司,2018年第1季,0.018,公噸,0,公噸,0,公噸,0,公噸,完成核算
W0503787,快潔洗衣店,2018年第1季,0.1,公噸,0,公噸,0,公噸,0,公噸,完成核算
W0500053,浯江大飯店股份有限公司,2018年第1季,0,公噸,0,公噸,0,公噸,0.018,公噸,完成核算
W0500026,金門宏玻陶瓷股份有限公司,2018年第1季,0.052,公噸,0,公噸,0,公噸,0,公噸,完成核算
W0500017,金門酒廠實業股份有限公司金城廠,2018年第1季,28.177,公噸,0.126,公噸,0.086,公噸,2.582,公噸,完成核算
W0406407,金門華龍酒廠股份有限公司,2018年第1季,0,公噸,0,公噸,0,公噸,0,公噸,完成核算
W0405571,金門浯江酒廠實業股份有限公司,2018年第1季,0,公噸,0,公噸,0,公噸,0,公噸,完成核算
W0405035,堡鋒實業有限公司,2018年第1季,0.03,公噸,0,公噸,0.003,公噸,0.007,公噸,完成核算
W0404930,台灣電力股份有限公司塔山發電廠夏興分廠,2018年第1季,0.101,公噸,0.637,公噸,0.254,公噸,51.048,公噸,完成核算
W0404912,金三榮工程股份有限公司土石方資源堆置處理場,2018年第1季,0,公噸,0.556,公噸,0,公噸,0,公噸,完成季登錄確認
W0404725,雨宙實業股份有限公司,2018年第1季,0.056,公噸,0,公噸,0,公噸,0,公噸,完成核算
W0404627,金門皇家酒廠股份有限公司,2018年第1季,3.482,公噸,0.124,公噸,0.565,公噸,0.201,公噸,完成核算
W0403960,逢春車行,2018年第1季,0.018,公噸,0,公噸,0,公噸,0,公噸,完成核算
W0403951,輝煌汽車行,2018年第1季,0,公噸,0,公噸,0,公噸,0,公噸,完成核算
W0403933,金門大順酒廠股份有限公司,2018年第1季,0.108,公噸,0,公噸,0,公噸,0,公噸,完成核算
W0403915,伸倫汽車材料行,2018年第1季,0.004,公噸,0,公噸,0,公噸,0,公噸,完成核算
W0403899,金門縣金門日報社,2018年第1季,0.384,公噸,0,公噸,0,公噸,0,公噸,完成核算
W0403666,台灣中油公司油品行銷事業部高雄營業處金馬行銷中心,2018年第1季,1.252,公噸,0,公噸,0,公噸,0,公噸,完成核算
W0403611,酒鄉股份有限公司,2018年第1季,0,公噸,0,公噸,0,公噸,0,公噸,完成核算
W0403577,金門縣動植物防疫所,2018年第1季,0.013,公噸,0,公噸,0.132,公噸,0.116,公噸,完成核算
W0400156,金三榮工程股份有限公司太湖廠,2018年第1季,0.083,公噸,4.573,公噸,0.564,公噸,0.333,公噸,完成核算
W0400049,和發水泥瀝青預拌廠,2018年第1季,0,公噸,0,公噸,0,公噸,0,公噸,完成核算
W0400021,金門縣陶瓷廠,2018年第1季,0.03,公噸,0,公噸,0,公噸,0,公噸,完成核算
V9000010,臺灣電力股份有限公司台東區營業處蘭嶼發電廠,2018年第1季,0.027,公噸,0.522,公噸,0.165,公噸,24.167,公噸,完成核算
V8903021,東宏行正興廠,2018年第1季,0,公噸,4.185,公噸,0,公噸,0,公噸,申報補件
V8803491,根基營造股份有限公司-台9線南迴公路安朔至草埔段C1橋梁標(0K+000~6K+300)新建工程,2018年第1季,0,公噸,0.759,公噸,0,公噸,0,公噸,完成季登錄確認
V8803393,互助營造股份有限公司-「台9線南迴公路安朔至草埔段C2隧道標(6k+300-11K+006)新建工程,2018年第1季,0,公噸,3.577,公噸,0,公噸,0,公噸,完成季登錄確認
V8703629,弘大開發企業股份有限公司,2018年第1季,0,公噸,0,公噸,0,公噸,0,公噸,完成核算
V8703076,東山砂石股份有限公司,2018年第1季,0,公噸,0,公噸,0,公噸,0,公噸,完成季登錄確認
V8500020,臺灣電力股份有限公司台東區營業處綠島發電廠,2018年第1季,0.022,公噸,0.562,公噸,0.141,公噸,23.814,公噸,完成核算
V8403115,嘉美洗衣店,2018年第1季,0.03,公噸,0,公噸,0,公噸,0,公噸,完成核算
V8403099,顥堅有限公司東欣廠,2018年第1季,0,公噸,1.321,公噸,0,公噸,0,公噸,完成季登錄確認
V8403080,善若水股份有限公司台東池上工場,2018年第1季,0,公噸,0,公噸,0.095,公噸,0.066,公噸,完成核算
V8400196,灝業採石場,2018年第1季,0,公噸,2.849,公噸,0,公噸,0,公噸,完成季登錄確認
V8304313,法務部矯正署台東戒治所,2018年第1季,0,公噸,0,公噸,0,公噸,0.029,公噸,完成核算
V8303263,脫線農產行,2018年第1季,0,公噸,0,公噸,0.011,公噸,0.008,公噸,完成核算
V8300093,鹿原砂石場,2018年第1季,0,公噸,1.51,公噸,0,公噸,0,公噸,完成季登錄確認
V8203188,臺東縣長濱鄉長濱漁港,2018年第1季,0,公噸,0.653,公噸,0,公噸,0,公噸,完成季登錄確認
V8103263,臺東縣東河鄉金樽漁港,2018年第1季,0,公噸,0,公噸,0,公噸,0,公噸,完成季登錄確認
V8004176,祥興砂石行,2018年第1季,0,公噸,21.146,公噸,0,公噸,0,公噸,完成季登錄確認
V8000089,礐興企業股份有限公司太麻里廠,2018年第1季,0,公噸,32.7,公噸,0,公噸,0,公噸,完成季登錄確認
V8000061,台東地區農會食品加工廠,2018年第1季,0,公噸,0,公噸,0.048,公噸,0.033,公噸,完成核算
V8000052,鴻達實業股份有限公司,2018年第1季,0.171,公噸,2.134,公噸,0.279,公噸,0.266,公噸,完成核算
V7903107,臺東縣大武鄉大武漁港,2018年第1季,0,公噸,0.653,公噸,0,公噸,0,公噸,完成季登錄確認
V7900142,立原興業股份有限公司大武廠,2018年第1季,0,公噸,0.478,公噸,0,公噸,0,公噸,完成申報
V7900124,兄弟砂石場,2018年第1季,0,公噸,0.717,公噸,0,公噸,0,公噸,完成季登錄確認
V7900026,久明企業有限公司大武廠,2018年第1季,0,公噸,17.955,公噸,0,公噸,0,公噸,完成季登錄確認
V7805615,檜富旺有限公司,2018年第1季,0,公噸,0,公噸,0,公噸,0.006,公噸,完成核算
V7805517,宗和食品有限公司,2018年第1季,0,公噸,0,公噸,0,公噸,0.004,公噸,完成核算
V7805437,蜜月四季餐旅購有限公司知本金聯世紀酒店分公司,2018年第1季,0,公噸,0,公噸,0,公噸,0,公噸,完成核算
V7805295,陸軍台東地區指揮部及本部連,2018年第1季,0,公噸,0,公噸,0,公噸,0.002,公噸,完成核算
V7803577,明峰林木業有限公司,2018年第1季,0,公噸,0,公噸,0,公噸,0,公噸,完成核算
V7803380,超能生化科技股份有限公司台東分公司初鹿牧場,2018年第1季,0,公噸,0,公噸,0.138,公噸,0.096,公噸,完成核算
V7803175,台東縣農會東遊季溫泉渡假村,2018年第1季,0,公噸,0,公噸,0.285,公噸,0.222,公噸,完成核算
V7800423,法務部矯正署東成技能訓練所,2018年第1季,0,公噸,0,公噸,0.001,公噸,0.076,公噸,完成核算
V77A0985,山水居飯店股份有限公司,2018年第1季,0,公噸,0,公噸,0.019,公噸,0.013,公噸,完成核算
V7703330,俊發砂石場二廠,2018年第1季,0,公噸,3.595,公噸,0,公噸,0,公噸,完成季登錄確認
V7703269,山水軒渡假村飯店,2018年第1季,0,公噸,0,公噸,0.057,公噸,0.044,公噸,完成核算
V7700295,俊發砂石場,2018年第1季,0,公噸,9.195,公噸,0,公噸,0,公噸,完成季登錄確認
V7603531,台東縣成功鎮火葬場,2018年第1季,0,公噸,0,公噸,0.003,公噸,0.035,公噸,完成核算
V7603111,正群實業股份有限公司,2018年第1季,0,公噸,0.06,公噸,0,公噸,0,公噸,完成季登錄確認
V7603068,展憲企業有限公司,2018年第1季,0,公噸,3.434,公噸,0,公噸,0,公噸,完成季登錄確認
V7600423,晉誠有限公司,2018年第1季,0,公噸,0.176,公噸,0,公噸,0,公噸,完成季登錄確認
V7600049,美而潔洗衣店,2018年第1季,0.01,公噸,0,公噸,0,公噸,0,公噸,完成核算
V7600030,成功機械洗衣店,2018年第1季,0.01,公噸,0,公噸,0,公噸,0,公噸,完成核算
V75B3372,禾美商行,2018年第1季,0,公噸,0,公噸,0.002,公噸,0.047,公噸,完成核算
V75B3035,聯鑫汽車塗裝廠,2018年第1季,0.074,公噸,0,公噸,0,公噸,0,公噸,完成核算
V75B2790,佑岩企業有限公司台東營業所,2018年第1季,0.124,公噸,0,公噸,0,公噸,0,公噸,完成核算
V75B2691,峰誠汽車企業社,2018年第1季,0.1,公噸,0,公噸,0,公噸,0,公噸,完成核算
V75B2522,名碁工程顧問有限公司,2018年第1季,1.145,公噸,0,公噸,0,公噸,0,公噸,完成核算
V75B2324,君安旅店,2018年第1季,0,公噸,0,公噸,0,公噸,0.003,公噸,完成核算
V75B1633,國發醫療器材股份有限公司,2018年第1季,0,公噸,0,公噸,0.044,公噸,0.03,公噸,完成核算
V75B0982,綺麗洗衣工廠有限公司,2018年第1季,0,公噸,0,公噸,0.285,公噸,0.198,公噸,完成核算
V75B0071,松揚餐飲股份有限公司,2018年第1季,0,公噸,0,公噸,0,公噸,0.001,公噸,完成核算
V75A8731,惠捷實業有限公司台東分公司,2018年第1季,0,公噸,0,公噸,0.287,公噸,0.222,公噸,完成核算
V75A8662,桂田璽悅酒店股份有限公司,2018年第1季,0,公噸,0,公噸,0.028,公噸,0.354,公噸,完成核算
V75A8276,延昌混凝土有限公司,2018年第1季,0,公噸,0.302,公噸,0,公噸,0,公噸,完成季登錄確認
V75A7842,宏騰砂石有限公司,2018年第1季,0,公噸,2.204,公噸,0,公噸,0,公噸,完成季登錄確認
V75A7753,臺東縣農會飼料廠,2018年第1季,0,公噸,2.709,公噸,0.401,公噸,0.278,公噸,完成核算
V75A7723,旗魚金典商務大飯店股份有限公司,2018年第1季,0,公噸,0,公噸,0,公噸,0.012,公噸,完成核算
V75A4888,瑞晟砂石有限公司,2018年第1季,0.04,公噸,7.266,公噸,0.234,公噸,0.178,公噸,完成核算
V75A4531,漢岱汽車有限公司,2018年第1季,0.1,公噸,0,公噸,0,公噸,0,公噸,完成核算
V75A3969,陽宸企業有限公司,2018年第1季,0.375,公噸,8.571,公噸,0.526,公噸,0.514,公噸,完成核算
V75A3870,東茂屠宰場,2018年第1季,0,公噸,0,公噸,0,公噸,0.002,公噸,完成核算
V75A3840,開達休閒開發股份有限公司,2018年第1季,0,公噸,0,公噸,0.137,公噸,0.095,公噸,完成核算
V75A3474,鈜業企業有限公司,2018年第1季,0,公噸,12.696,公噸,0,公噸,0,公噸,完成季登錄確認
V75A2703,臺東縣臺東市公所(殯葬管理所),2018年第1季,0,公噸,0,公噸,0.004,公噸,0.053,公噸,完成核算
V75A2090,深盈汽車保養廠股份有限公司,2018年第1季,0.141,公噸,0,公噸,0,公噸,0,公噸,完成核算
V7506742,連誠汽車股份有限公司,2018年第1季,0.124,公噸,0,公噸,0.02,公噸,0.014,公噸,完成核算
V7506555,雲橋工程技術顧問有限公司,2018年第1季,0.081,公噸,0,公噸,0,公噸,0,公噸,完成核算
V7506313,娜路彎大酒店股份有限公司,2018年第1季,0,公噸,0,公噸,0,公噸,0,公噸,完成核算
V7506304,明德豆沙廠,2018年第1季,0,公噸,0,公噸,0.006,公噸,0.004,公噸,完成核算
V7506288,早點大王,2018年第1季,0,公噸,0,公噸,0.057,公噸,0.04,公噸,完成核算
V7506233,東之鄉洗衣有限公司,2018年第1季,0,公噸,0,公噸,0.475,公噸,0.329,公噸,完成核算
V7504999,益源砂石有限公司,2018年第1季,0,公噸,0.394,公噸,0,公噸,0,公噸,完成季登錄確認
V7504962,葉堂鑫,2018年第1季,0,公噸,0,公噸,0,公噸,0,公噸,完成核算
V7504944,林珍唐,2018年第1季,0,公噸,0,公噸,0.038,公噸,0.026,公噸,完成核算
V7504926,復盛食品廠,2018年第1季,0,公噸,0,公噸,0,公噸,0,公噸,完成核算
V7504917,新馨股份有限公司,2018年第1季,0,公噸,0,公噸,0.006,公噸,0.004,公噸,完成核算
V7504873,上勇開發有限公司,2018年第1季,0,公噸,0.662,公噸,0,公噸,0,公噸,完成季登錄確認
V7504775,東輝屠宰場,2018年第1季,0,公噸,0,公噸,0,公噸,0.01,公噸,完成核算
V7504720,澄憶企業有限公司,2018年第1季,0,公噸,1.217,公噸,0,公噸,0,公噸,完成季登錄確認
V7504711,佛昀企業有限公司,2018年第1季,0,公噸,4.437,公噸,0,公噸,0,公噸,完成季登錄確認
V7504659,富甲屠宰場,2018年第1季,0,公噸,0,公噸,0,公噸,0.007,公噸,完成核算
V7504542,儷珍洗衣店,2018年第1季,0.05,公噸,0,公噸,0,公噸,0,公噸,完成核算
V7504533,家新洗衣店,2018年第1季,0.05,公噸,0,公噸,0,公噸,0,公噸,完成核算
V7504515,阿信洗衣部,2018年第1季,0.05,公噸,0,公噸,0,公噸,0,公噸,完成核算
V7504480,全麗潔洗衣店,2018年第1季,0.02,公噸,0,公噸,0,公噸,0,公噸,完成核算
V7504462,明潔洗衣店,2018年第1季,0,公噸,0,公噸,0,公噸,0,公噸,完成核算
V7504453,麗新快洗,2018年第1季,0.05,公噸,0,公噸,0,公噸,0,公噸,完成核算
V7504444,高尚洗衣店,2018年第1季,0.03,公噸,0,公噸,0,公噸,0,公噸,完成核算
V7504060,永固企業社,2018年第1季,0,公噸,0,公噸,0,公噸,0,公噸,完成季登錄確認
V7503876,鴻進汽車有限公司,2018年第1季,0.124,公噸,0,公噸,0,公噸,0,公噸,完成核算
V7502502,福昌行,2018年第1季,0,公噸,0,公噸,0,公噸,0,公噸,完成核算
V7502486,國都商務旅館,2018年第1季,0,公噸,0,公噸,0.004,公噸,0.003,公噸,完成核算
V7502253,英倫旅店,2018年第1季,0,公噸,0,公噸,0,公噸,0.004,公噸,完成核算
V7502244,金龍大旅社,2018年第1季,0,公噸,0,公噸,0.008,公噸,0.005,公噸,完成核算
V7502217,世紀旅社,2018年第1季,0,公噸,0,公噸,0.008,公噸,0.005,公噸,完成核算
V7502093,新福治大旅社,2018年第1季,0,公噸,0,公噸,0.023,公噸,0.016,公噸,完成核算
V7502020,旅行家商務會館,2018年第1季,0,公噸,0,公噸,0,公噸,0,公噸,完成核算
V7502002,皇冠大旅社,2018年第1季,0,公噸,0,公噸,0.004,公噸,0.003,公噸,完成核算
V7501952,聯亞大飯店有限公司,2018年第1季,0,公噸,0,公噸,0.055,公噸,0.038,公噸,完成核算
V7501916,空軍第七飛行訓練聯隊,2018年第1季,0,公噸,0,公噸,0.001,公噸,0.132,公噸,完成核算
V7501907,法務部矯正署岩灣技能訓練所,2018年第1季,0,公噸,0,公噸,0.101,公噸,0.098,公噸,完成核算
V7501783,賴永美飼料股份有限公司,2018年第1季,0,公噸,1.063,公噸,0.095,公噸,0.066,公噸,完成核算
V7501621,有豪企業有限公司,2018年第1季,0,公噸,0,公噸,0.02,公噸,0.151,公噸,完成核算
V7501612,仲捷股份有限公司,2018年第1季,0,公噸,0,公噸,0.285,公噸,0.198,公噸,完成核算
V7501498,太煌企業有限公司,2018年第1季,0,公噸,0.05,公噸,0,公噸,0,公噸,完成季登錄確認
V7501489,佛育企業股份有限公司吉林廠,2018年第1季,0,公噸,9.01,公噸,0,公噸,0,公噸,完成季登錄確認
V7501470,本上企業有限公司,2018年第1季,0,公噸,2.838,公噸,0,公噸,0,公噸,完成季登錄確認
V7501425,國源汽車股份有限公司台東分公司,2018年第1季,0.32,公噸,0,公噸,0,公噸,0,公噸,完成核算
V7501381,東部汽車股份有限公司台東分公司,2018年第1季,0.196,公噸,0,公噸,0.228,公噸,0.158,公噸,完成核算
V7501372,匯豐汽車股份有限公司,2018年第1季,0.164,公噸,0,公噸,0,公噸,0,公噸,完成核算
V7501327,裕發汽車修理工廠,2018年第1季,0.111,公噸,0,公噸,0,公噸,0,公噸,完成核算
V7501032,臺東縣農產股份有限公司,2018年第1季,0,公噸,0,公噸,0.124,公噸,0.09,公噸,完成核算
V7500991,豐邑牧場,2018年第1季,0,公噸,0,公噸,0.002,公噸,0.034,公噸,完成核算
V7500857,台灣基督長老教會馬偕醫療財團法人台東馬偕紀念醫院,2018年第1季,0,公噸,0.067,公噸,0.343,公噸,0.712,公噸,完成核算
V7500777,中華紙漿股份有限公司台東廠,2018年第1季,0.001,公噸,16.938,公噸,21.42,公噸,24.958,公噸,完成核算
V7500704,寶麗晶快洗中心,2018年第1季,0.03,公噸,0,公噸,0,公噸,0,公噸,完成核算
V7500660,興東興業股份有限公司,2018年第1季,0,公噸,10.85,公噸,0,公噸,0,公噸,完成季登錄確認
V7500580,新光洗衣部,2018年第1季,0.02,公噸,0,公噸,0,公噸,0,公噸,完成核算
V7500553,順成洗衣部,2018年第1季,0.04,公噸,0,公噸,0,公噸,0,公噸,完成核算
V7500393,美好洗衣店,2018年第1季,0.02,公噸,0,公噸,0,公噸,0,公噸,完成核算
V7500348,華利洗衣店,2018年第1季,0.04,公噸,0,公噸,0,公噸,0,公噸,完成核算
V7500277,東光洗衣店,2018年第1季,0.03,公噸,0,公噸,0,公噸,0,公噸,完成核算
V7500222,快潔自助洗衣店,2018年第1季,0,公噸,0,公噸,0,公噸,0,公噸,完成核算
U99A0405,瑞雄溫泉旅館,2018年第1季,0,公噸,0,公噸,0,公噸,0.006,公噸,完成核算
U99A0396,虎爺溫泉休閒事業有限公司,2018年第1季,0,公噸,0,公噸,0,公噸,0,公噸,完成核算
U9903255,弘華砂石股份有限公司,2018年第1季,0,公噸,0.729,公噸,0,公噸,0,公噸,完成季登錄確認
U97A0178,法務部矯正署自強外役監獄,2018年第1季,0,公噸,0,公噸,0.076,公噸,0.053,公噸,完成核算
U97A0049,鈺峻興業有限公司,2018年第1季,0,公噸,0.654,公噸,0,公噸,0,公噸,完成季登錄確認
U97A0039,花蓮縣光豐地區農會肉品加工場,2018年第1季,0,公噸,0,公噸,0,公噸,0,公噸,完成核算
U9700245,立順瀝青有限公司,2018年第1季,0.317,公噸,5.102,公噸,1.913,公噸,1.157,公噸,完成核算
U9700218,政旺企業股份有限公司,2018年第1季,0,公噸,1.566,公噸,0,公噸,0,公噸,完成季登錄確認
U9700058,日豐窯業股份有限公司,2018年第1季,0.16,公噸,9.042,公噸,0.374,公噸,1.244,公噸,完成核算
U96A0995,六億豆干店,2018年第1季,0,公噸,0,公噸,0.097,公噸,0.067,公噸,完成核算
U96A0133,味萬田食品股份有限公司,2018年第1季,0,公噸,0,公噸,0,公噸,0.004,公噸,完成核算
U96A0094,臺灣基督教門諾會醫療財團法人門諾醫院壽豐分院及老人照顧社區,2018年第1季,0,公噸,0,公噸,0.285,公噸,0.22,公噸,完成核算
U9604328,木村屠宰場,2018年第1季,0,公噸,0,公噸,0.028,公噸,0.02,公噸,完成核算
U9604079,衛生福利部玉里醫院溪口精神護理之家,2018年第1季,0,公噸,0,公噸,0,公噸,0.008,公噸,完成核算
U9601121,遠雄悅來大飯店股份有限公司,2018年第1季,0,公噸,0,公噸,0.001,公噸,0.094,公噸,完成核算
U9601032,鳳勝實業股份有限公司壽豐廠,2018年第1季,0,公噸,2.756,公噸,0,公噸,0,公噸,完成季登錄確認
U9600124,台鼎水泥製品股份有限公司,2018年第1季,0,公噸,0,公噸,0.095,公噸,0.066,公噸,完成核算
U95A4308,帝堡汽車旅館,2018年第1季,0,公噸,0,公噸,0,公噸,0.007,公噸,完成核算
U95A4279,瑞皇食品股份有限公司,2018年第1季,0,公噸,0,公噸,0,公噸,0.004,公噸,完成核算
U95A4239,花蓮縣吉安鄉宜昌國民小學,2018年第1季,0,公噸,0,公噸,0,公噸,0.002,公噸,完成核算
U95A4209,北極熊洗衣有限公司,2018年第1季,0,公噸,0,公噸,0.456,公噸,0.316,公噸,完成核算
U95A3776,統茂大飯店股份有限公司-花蓮統茂渡假莊園,2018年第1季,0,公噸,0,公噸,0,公噸,0.001,公噸,完成核算
U95A3221,源雄有限公司,2018年第1季,0,公噸,0,公噸,0,公噸,0.012,公噸,完成核算
U95A2807,晶美利股份有限公司,2018年第1季,0,公噸,0,公噸,0.466,公噸,0.323,公噸,完成核算
U95A0207,陸輝瀝青股份有限公司吉安瀝青混凝土拌合場,2018年第1季,0.397,公噸,2.457,公噸,0.562,公噸,0.799,公噸,完成核算
U9505679,長雄預拌混凝土廠股份有限公司,2018年第1季,0,公噸,0.192,公噸,0,公噸,0,公噸,完成季登錄確認
U9505204,威神企業有限公司,2018年第1季,0,公噸,2.299,公噸,0,公噸,0,公噸,完成季登錄確認
U9505151,美爽爽旅館有限公司,2018年第1季,0,公噸,0,公噸,0,公噸,0.022,公噸,完成核算
U9501877,鴻興環保資源再生有限公司,2018年第1季,0,公噸,0,公噸,0,公噸,0,公噸,完成季登錄確認
U9501733,益鉅股份有限公司(干城廠),2018年第1季,0,公噸,0.636,公噸,0,公噸,0,公噸,完成季登錄確認
U9500530,晶晶洗染股份有限公司,2018年第1季,0,公噸,0,公噸,1.041,公噸,0.716,公噸,完成核算
U9500512,台亞預拌混凝土廠股份有限公司,2018年第1季,0,公噸,0.541,公噸,0,公噸,0,公噸,完成季登錄確認
U9500478,中華紙漿股份有限公司花蓮廠,2018年第1季,5.642,公噸,9.66,公噸,77.5,公噸,110.069,公噸,完成核算(粒狀物核算確認中)
U9500389,萬鑫營造股份有限公司,2018年第1季,0.034,公噸,0,公噸,0.202,公噸,0.149,公噸,完成核算
U9500334,建安瀝青工業有限公司,2018年第1季,0,公噸,0,公噸,0,公噸,0,公噸,完成核算
U9500263,東宏水泥製品股份有限公司,2018年第1季,0,公噸,0,公噸,0,公噸,0,公噸,完成核算
U94A1260,易仕寶企業有限公司花蓮分公司,2018年第1季,0,公噸,0,公噸,0.001,公噸,0.014,公噸,完成核算
U94A1240,衛生福利部東區老人之家(養護科),2018年第1季,0,公噸,0,公噸,0,公噸,0.007,公噸,完成核算
U94A1230,花蓮縣新城鄉新城國民小學,2018年第1季,0,公噸,0,公噸,0,公噸,0.008,公噸,完成核算
U94A0133,光隆企業股份有限公司海灣深層水廠,2018年第1季,0,公噸,0,公噸,0,公噸,0.01,公噸,完成核算
U9403545,東潤水資源生技股份有限公司,2018年第1季,0,公噸,0,公噸,0.013,公噸,0.009,公噸,完成核算
U9403438,空軍第五戰術混合聯隊,2018年第1季,0,公噸,0,公噸,0,公噸,0.029,公噸,完成核算
U9400508,台灣中油股份有限公司油品行銷事業部東區營業處花蓮供油服務中心(北埔庫區),2018年第1季,15.501,公噸,0.001,公噸,0.001,公噸,0.142,公噸,完成核算(粒狀物核算確認中)
U9400115,亞洲水泥股份有限公司花蓮製造廠,2018年第1季,0.001,公噸,281.093,公噸,136.87,公噸,996.554,公噸,核算確認中
U9304369,臺北榮民總醫院玉里分院-長良園區,2018年第1季,0,公噸,0,公噸,0,公噸,0.004,公噸,完成核算
U9304341,衛生福利部玉里醫院-院本部,2018年第1季,0,公噸,0,公噸,0,公噸,0.022,公噸,完成核算
U9304332,玉麒麟別莊,2018年第1季,0,公噸,0,公噸,0,公噸,0.002,公噸,完成核算
U9303620,龍嬴建設有限公司玉里預拌廠,2018年第1季,0,公噸,0,公噸,0,公噸,0,公噸,完成季登錄確認
U9303531,福大混凝土股份有限公司,2018年第1季,0,公噸,1.288,公噸,0,公噸,0,公噸,完成季登錄確認
U9303371,展信實業有限公司,2018年第1季,0,公噸,1.485,公噸,0,公噸,0,公噸,完成季登錄確認
U9303317,格全食品工業股份有限公司花蓮分公司,2018年第1季,0,公噸,0,公噸,0.29,公噸,0.212,公噸,完成核算
U9303157,大元行,2018年第1季,0,公噸,0,公噸,0,公噸,0,公噸,完成季登錄確認
U9300754,陸輝瀝青股份有限公司玉里瀝青混凝土拌合廠,2018年第1季,0.124,公噸,1.838,公噸,0.348,公噸,0.411,公噸,完成核算
U9300718,衛生福利部玉里醫院-祥和院區,2018年第1季,0,公噸,0,公噸,0,公噸,0.038,公噸,完成核算
U9300227,臺北榮民總醫院玉里分院,2018年第1季,0,公噸,0,公噸,0.001,公噸,0.085,公噸,完成核算
U92A0074,新光兆豐股份有限公司花蓮分公司,2018年第1季,0,公噸,0,公噸,0.259,公噸,0.248,公噸,完成核算
U92A0024,立得砂石股份有限公司,2018年第1季,0,公噸,1.688,公噸,0,公噸,0,公噸,完成季登錄確認
U9290002,花蓮縣醫師公會(共同清除處理),2018年第1季,0.03,公噸,0,公噸,0.031,公噸,0.087,公噸,完成核算
U9203214,花蓮縣中區區域性垃圾衛生掩埋場,2018年第1季,0,公噸,0,公噸,0,公噸,0,公噸,完成季登錄確認
U9200311,花建實業有限公司,2018年第1季,0,公噸,1.672,公噸,0,公噸,0,公噸,完成季登錄確認
U9200204,花蓮縣農產運銷股份有限公司,2018年第1季,0,公噸,0,公噸,0.249,公噸,0.173,公噸,完成核算
U91A7124,采盈股份有限公司,2018年第1季,0,公噸,0,公噸,0,公噸,0.007,公噸,完成核算
U91A7095,奇萊大飯店,2018年第1季,0,公噸,0,公噸,0,公噸,0.001,公噸,完成核算
U91A7075,法務部矯正署花蓮看守所,2018年第1季,0,公噸,0,公噸,0,公噸,0.032,公噸,完成核算
U91A7035,鑫囍企業股份有限公司,2018年第1季,0.048,公噸,0,公噸,0,公噸,0,公噸,完成核算
U91A7025,國立花蓮高級工業職業學校,2018年第1季,0,公噸,0,公噸,0,公噸,0.002,公噸,完成核算
U91A7005,夏日泳訓企業,2018年第1季,0,公噸,0,公噸,0.086,公噸,0.059,公噸,完成核算
U91A6988,花蓮縣花蓮市明廉國民小學,2018年第1季,0,公噸,0,公噸,0,公噸,0.002,公噸,完成核算
U91A6978,花蓮縣吉安鄉北昌國民小學,2018年第1季,0,公噸,0,公噸,0,公噸,0.005,公噸,完成核算
U91A6968,花蓮縣花蓮市明義國民小學,2018年第1季,0,公噸,0,公噸,0,公噸,0.008,公噸,完成核算
U91A6958,花蓮縣私立海星國民小學,2018年第1季,0,公噸,0,公噸,0,公噸,0.002,公噸,完成核算
U91A6928,提拉米蘇精緻蛋糕,2018年第1季,0,公噸,0,公噸,0.001,公噸,0.018,公噸,完成核算
U91A6918,泉興麵店,2018年第1季,0,公噸,0,公噸,0,公噸,0,公噸,完成核算
U91A6859,臻匯饌有限公司,2018年第1季,0,公噸,0,公噸,0,公噸,0,公噸,完成核算
U91A6839,國廣興實業股份有限公司(國聯第一分公司),2018年第1季,0,公噸,0,公噸,0,公噸,0.009,公噸,完成核算
U91A6809,雅筑汽車商務旅館有限公司,2018年第1季,0,公噸,0,公噸,0,公噸,0,公噸,完成核算
U91A6790,富凱大飯店有限公司,2018年第1季,0,公噸,0,公噸,0.017,公噸,0.012,公噸,完成核算
U91A6780,富堡汽車旅館有限公司,2018年第1季,0,公噸,0,公噸,0,公噸,0.007,公噸,完成核算
U91A5148,宏新洗衣股份有限公司,2018年第1季,0,公噸,0,公噸,0.092,公噸,0.064,公噸,完成核算
U91A4843,曼波魚四季大飯店股份有限公司,2018年第1季,0,公噸,0,公噸,0,公噸,0.006,公噸,完成核算
U91A3726,銓順洗衣有限公司(二廠),2018年第1季,0,公噸,0,公噸,0.194,公噸,0.136,公噸,完成核算
U91A3469,德久食品有限公司,2018年第1季,0,公噸,0,公噸,0.057,公噸,0.04,公噸,完成核算
U91A3013,阿思瑪麗景大飯店股份有限公司,2018年第1季,0,公噸,0,公噸,0,公噸,0,公噸,完成核算
U91A2867,香又香餐盒食品有限公司,2018年第1季,0,公噸,0,公噸,0,公噸,0.014,公噸,完成核算
U91A2025,永發屠宰場,2018年第1季,0,公噸,0,公噸,0,公噸,0.004,公噸,完成核算
U91A2015,百悅休閒飯店有限公司,2018年第1季,0,公噸,0,公噸,0,公噸,0,公噸,完成核算
U91A1899,小旅行迷你旅店,2018年第1季,0,公噸,0,公噸,0,公噸,0.007,公噸,完成核算
U91A1889,洄瀾窩青年旅舍股份有限公司,2018年第1季,0,公噸,0,公噸,0,公噸,0.004,公噸,完成核算
U91A1235,新味醬油食品工廠,2018年第1季,0,公噸,0,公噸,0.008,公噸,0.005,公噸,完成核算
U91A1077,曾記(米麻)糬股份有限公司,2018年第1季,0,公噸,0,公噸,0,公噸,0.003,公噸,完成核算
U91A0732,台灣海洋深層水股份有限公司,2018年第1季,0,公噸,0.021,公噸,0.155,公噸,0.094,公噸,完成核算
U9107593,明水企業社明水園飯店,2018年第1季,0,公噸,0,公噸,0,公噸,0.001,公噸,完成核算
U9106658,善有建設股份有限公司東之岸商務旅館,2018年第1季,0,公噸,0,公噸,0,公噸,0.016,公噸,完成核算
U9106498,晉瑜企業股份有限公司花蓮研磨廠,2018年第1季,0,公噸,1.024,公噸,0.107,公噸,0.726,公噸,完成核算
U9106425,益鉅股份有限公司（花蓮港控管裝卸中心）,2018年第1季,0,公噸,2.712,公噸,0,公噸,0,公噸,完成季登錄確認
U9106416,光華礦務股份有限公司（花蓮港控管裝卸中心）,2018年第1季,0,公噸,4.997,公噸,0,公噸,0,公噸,完成季登錄確認
U9106381,銓順洗衣有限公司,2018年第1季,0,公噸,0,公噸,1.045,公噸,0.725,公噸,完成核算
U9103504,香城大飯店股份有限公司花蓮分公司,2018年第1季,0,公噸,0,公噸,0,公噸,0.017,公噸,完成核算
U9103175,新毅格有限公司-新格大飯店,2018年第1季,0,公噸,0,公噸,0,公噸,0.004,公噸,完成核算
U9103040,國廣興實業股份有限公司國聯分公司,2018年第1季,0,公噸,0,公噸,0,公噸,0.014,公噸,完成核算
U9103031,國廣興實業股份有限公司國興分公司,2018年第1季,0,公噸,0,公噸,0,公噸,0.006,公噸,完成核算
U9102990,華王食品股份有限公司,2018年第1季,0,公噸,0,公噸,0.001,公噸,0.081,公噸,完成核算
U9102945,中國鋼鐵股份有限公司花蓮石料場,2018年第1季,0,公噸,4.789,公噸,0,公噸,0,公噸,完成季登錄確認
U9102927,東台開發股份有限公司,2018年第1季,0,公噸,0,公噸,0,公噸,0,公噸,完成核算
U9102749,台灣中油股份有限公司油品行銷事業部東區營業處花蓮供油服務中心(花蓮庫區),2018年第1季,0.38,公噸,0,公噸,0,公噸,0.031,公噸,完成核算
U9102614,全一泡力龍企業有限公司,2018年第1季,0.007,公噸,0,公噸,0.065,公噸,0.045,公噸,完成核算
U9102570,交通部臺灣鐵路管理局花蓮機廠,2018年第1季,0.321,公噸,0,公噸,0,公噸,0,公噸,完成核算
U9102427,慈濟學校財團法人慈濟大學,2018年第1季,0,公噸,0,公噸,0,公噸,0.041,公噸,完成核算
U9102221,宜津企業股份有限公司花蓮分公司,2018年第1季,0,公噸,0,公噸,0.573,公噸,0.442,公噸,完成核算
U9102196,有澤有限公司,2018年第1季,0,公噸,0,公噸,0,公噸,0,公噸,完成核算
U9102070,山水商務旅店,2018年第1季,0,公噸,0,公噸,0,公噸,0.01,公噸,完成核算
U9102025,悅遠企業有限公司,2018年第1季,0,公噸,0,公噸,0,公噸,0.005,公噸,完成核算
U9101975,鈞莊綜合開發有限公司,2018年第1季,0,公噸,0,公噸,0,公噸,0,公噸,完成核算
U9101206,雲朗觀光股份有限公司花蓮分公司,2018年第1季,0,公噸,0,公噸,0.004,公噸,0.047,公噸,完成核算
U9101064,佛教慈濟醫療財團法人花蓮慈濟醫院,2018年第1季,0.001,公噸,0,公噸,0.002,公噸,0.302,公噸,完成核算
U9101055,臺灣基督教門諾會醫療財團法人門諾醫院,2018年第1季,0,公噸,0,公噸,0.265,公噸,0.184,公噸,完成核算
U9101019,臺灣菸酒股份有限公司花蓮酒廠,2018年第1季,20.757,公噸,0.327,公噸,0.117,公噸,2.794,公噸,完成核算
U9100469,否司脫洗染店,2018年第1季,0,公噸,0,公噸,0.082,公噸,0.057,公噸,完成核算
U0190341,金昌石礦股份有限公司,2018年第1季,0,公噸,19.328,公噸,0,公噸,0,公噸,完成季登錄確認
U0190225,合盛礦業股份有限公司,2018年第1季,0,公噸,66.251,公噸,0,公噸,0,公噸,完成季登錄確認
U0103311,福安礦業股份有限公司福安二礦,2018年第1季,0,公噸,2.473,公噸,0,公噸,0,公噸,完成季登錄確認
U0103071,和仁白雲石礦,2018年第1季,0,公噸,2.463,公噸,0,公噸,0,公噸,完成季登錄確認
U0100310,利英工礦股份有限公司（利英和仁礦場）,2018年第1季,0,公噸,1.204,公噸,0,公噸,0,公噸,完成季登錄確認
U0100285,欣欣水泥企業股份有限公司,2018年第1季,0,公噸,28.95,公噸,0,公噸,0,公噸,完成申報
U0100267,和平工業區專用港實業股份有限公司(疏濬養灘砂石堆置場),2018年第1季,0,公噸,7.458,公噸,0,公噸,0,公噸,完成季登錄確認
U0100258,和平電力股份有限公司和平火力發電廠,2018年第1季,0.08,公噸,68.357,公噸,550.394,公噸,374.557,公噸,核算確認中
U0100203,富山石礦企業股份有限公司,2018年第1季,0,公噸,3.805,公噸,0,公噸,0,公噸,完成季登錄確認
U0100187,台灣水泥股份有限公司和平分公司和平廠,2018年第1季,0.001,公噸,31.577,公噸,10.933,公噸,1312.48,公噸,核算確認中
U0100169,天祥晶華飯店股份有限公司,2018年第1季,0,公噸,0,公噸,0.583,公噸,0.356,公噸,完成核算
U0100052,幸福水泥股份有限公司（福安礦場）,2018年第1季,0,公噸,0,公噸,0,公噸,0,公噸,完成申報
U0100043,台灣水泥股份有限公司和平石礦,2018年第1季,0,公噸,47.66,公噸,0,公噸,0,公噸,完成申報
U0095083,花蓮縣立東里國民中學,2018年第1季,0,公噸,0,公噸,0,公噸,0.001,公噸,完成核算
U0003012,錦山企業有限公司,2018年第1季,0,公噸,4.497,公噸,0,公噸,0,公噸,完成季登錄確認
U0000100,衛生福利部玉里醫院-萬寧院區,2018年第1季,0.001,公噸,0,公噸,0,公噸,0.05,公噸,完成核算
T6603013,豐惇瀝青有限公司,2018年第1季,0.175,公噸,0,公噸,0.412,公噸,0.59,公噸,核算確認中
T6403120,興磊砂石有限公司,2018年第1季,0,公噸,0,公噸,0,公噸,0,公噸,完成申報
T6203040,佳林屠宰場,2018年第1季,0,公噸,0,公噸,0.015,公噸,0.004,公噸,核算確認中
T61A0183,正龍企業有限公司南州廠,2018年第1季,0,公噸,0,公噸,0.555,公噸,0.432,公噸,核算確認中
T6100071,佳辰實業股份有限公司,2018年第1季,0,公噸,0,公噸,0.106,公噸,0.066,公噸,核算確認中
T5903489,永源飼料行,2018年第1季,0,公噸,0,公噸,0.021,公噸,0.028,公噸,核算確認中
T5903229,大地亮環保服務有限公司崁頂廠,2018年第1季,0,公噸,0,公噸,0.001,公噸,0.001,公噸,完成核算
T5903194,嘉益土資場有限公司,2018年第1季,0,公噸,1.409,公噸,0,公噸,0,公噸,完成申報
T5903130,嘉一香食品股份有限公司,2018年第1季,0,公噸,0,公噸,0.513,公噸,0.356,公噸,核算確認中
T5900246,屏東縣崁頂垃圾資源回收場,2018年第1季,24.211,公噸,1.984,公噸,6.564,公噸,54.561,公噸,核算確認中
T5900228,郁仔畜牧場,2018年第1季,0,公噸,0,公噸,0,公噸,0,公噸,完成核算
T58A0372,台灣金布丹生物科技有限公司新園廠,2018年第1季,0,公噸,0,公噸,0,公噸,0,公噸,完成核算
T58A0352,齊集有限公司屏東廠,2018年第1季,0,公噸,0,公噸,0,公噸,0.002,公噸,完成核算
T58A0114,東瀛建材有限公司,2018年第1季,0,公噸,0.685,公噸,0,公噸,0,公噸,完成申報
T5804347,福來群企業有限公司,2018年第1季,0,公噸,2.8,公噸,0,公噸,0,公噸,完成申報
T5804338,淯暉企業股份有限公司新園分公司,2018年第1季,0,公噸,0,公噸,0.174,公噸,0.122,公噸,核算確認中
T5804276,成運汽車製造股份有限公司,2018年第1季,0.801,公噸,0,公噸,0,公噸,0,公噸,完成核算(粒狀物核算確認中)
T5801033,典立塑膠股份有限公司,2018年第1季,0.92,公噸,0,公噸,0,公噸,0,公噸,完成核算
T5801006,琦泰實業股份有限公司,2018年第1季,0.029,公噸,0,公噸,0.182,公噸,0.127,公噸,核算確認中
T5800992,立益飼料有限公司,2018年第1季,0,公噸,0,公噸,0.095,公噸,0.066,公噸,核算確認中
T5800947,忠正股份有限公司,2018年第1季,0,公噸,0,公噸,0,公噸,0,公噸,核算確認中
T5800385,祐全產業股份有限公司,2018年第1季,0,公噸,0,公噸,0.024,公噸,0.035,公噸,完成核算
T5800349,國統國際股份有限公司,2018年第1季,2.545,公噸,0.219,公噸,0.151,公噸,0.134,公噸,完成核算(粒狀物核算確認中)
T5800330,金洲海洋科技股份有限公司,2018年第1季,0.236,公噸,0,公噸,0.154,公噸,0.084,公噸,核算確認中
T5800241,懋興鐵工廠,2018年第1季,0,公噸,0,公噸,0.001,公噸,0.001,公噸,核算確認中
T5800223,順益木材工業股份有限公司,2018年第1季,0.005,公噸,0,公噸,0.001,公噸,0.027,公噸,核算確認中
T5800161,東立飼料工業股份有限公司,2018年第1季,0,公噸,0.356,公噸,0.656,公噸,0.421,公噸,完成核算(粒狀物核算確認中)
T5800134,李長榮實業股份有限公司製桶工廠,2018年第1季,22.207,公噸,0,公噸,0.008,公噸,0.106,公噸,完成核算
T5800125,宏城企業股份有限公司新園廠,2018年第1季,0,公噸,0,公噸,0,公噸,0.061,公噸,完成核算
T5800116,宏昇螺旋槳股份有限公司,2018年第1季,0,公噸,0,公噸,0.114,公噸,0.079,公噸,核算確認中
T57A1216,聿陽有限公司,2018年第1季,0.002,公噸,0,公噸,0.123,公噸,0.16,公噸,完成核算
T57A0901,金皇企業股份有限公司屏南七廠,2018年第1季,0.233,公噸,0,公噸,0,公噸,0,公噸,完成核算
T57A0822,金皇企業股份有限公司屏南二廠,2018年第1季,0.029,公噸,0,公噸,0,公噸,0,公噸,完成核算
T57A0604,合順資源科技有限公司,2018年第1季,0.221,公噸,0,公噸,0.299,公噸,0.373,公噸,完成核算
T57A0595,金皇企業股份有限公司屏南六廠,2018年第1季,0.986,公噸,0,公噸,0,公噸,0,公噸,完成核算
T57A0426,環拓科技股份有限公司屏南一廠,2018年第1季,0.095,公噸,0.189,公噸,1.329,公噸,4.192,公噸,完成核算(粒狀物核算確認中)
T57A0337,協麟實業有限公司,2018年第1季,0.962,公噸,0,公噸,0,公噸,0,公噸,完成核算
T57A0268,建信資源科技有限公司,2018年第1季,0.881,公噸,1.199,公噸,0.021,公噸,0.065,公噸,核算確認中
T57A0218,慶泓冷凍食品實業股份有限公司,2018年第1季,0,公噸,0,公噸,0.012,公噸,0.019,公噸,核算確認中
T57A0179,旭紘環保科技股份有限公司,2018年第1季,0,公噸,0.001,公噸,0.001,公噸,0.048,公噸,核算確認中
T57A0159,虹京金屬股份有限公司二廠,2018年第1季,0,公噸,0,公噸,0,公噸,0,公噸,核算確認中
T57A0090,佑錸股份有限公司,2018年第1季,1.005,公噸,0,公噸,0.482,公噸,0.27,公噸,完成核算
T5704806,興惟企業有限公司,2018年第1季,0.409,公噸,0.162,公噸,0.014,公噸,0.149,公噸,完成核算(粒狀物核算確認中)
T5704744,申豐特用應材股份有限公司屏東廠,2018年第1季,8.426,公噸,0.711,公噸,4.505,公噸,3.376,公噸,完成核算(粒狀物核算確認中)
T5704682,健合實業股份有限公司,2018年第1季,0.905,公噸,0.011,公噸,0.027,公噸,0.342,公噸,核算確認中
T5704673,國泰化工廠股份有限公司屏南分公司,2018年第1季,0.026,公噸,1.168,公噸,1.895,公噸,2.01,公噸,核算確認中
T5704655,鴻亨科技有限公司屏南廠,2018年第1季,0.691,公噸,0,公噸,0.465,公噸,0.535,公噸,完成核算
T5704637,吟餘股份有限公司,2018年第1季,0,公噸,0,公噸,0,公噸,0,公噸,核算確認中
T5704619,和協工程股份有限公司屏南廠,2018年第1季,3.561,公噸,0.021,公噸,0.096,公噸,1.264,公噸,完成核算(粒狀物核算確認中)
T5704593,新尚道企業有限公司,2018年第1季,0.364,公噸,0,公噸,0.691,公噸,0.504,公噸,完成核算
T5704584,鯤晟五金股份有限公司,2018年第1季,0.177,公噸,0,公噸,0.002,公噸,0.034,公噸,完成核算
T5704566,承松企業有限公司屏南廠,2018年第1季,1.139,公噸,0.39,公噸,0.135,公噸,0.193,公噸,完成核算(粒狀物核算確認中)
T5704173,億揚特殊印刷股份有限公司,2018年第1季,3.811,公噸,0,公噸,0.005,公噸,0.069,公噸,完成核算
T5704093,宏萊實業股份有限公司,2018年第1季,1.4,公噸,0.286,公噸,1.116,公噸,0.646,公噸,完成核算(粒狀物核算確認中)
T5701029,肇興企業股份有限公司,2018年第1季,0,公噸,0,公噸,0.008,公噸,0.103,公噸,核算確認中
T5700997,惠華飼料有限公司,2018年第1季,0,公噸,0,公噸,0.066,公噸,0.046,公噸,核算確認中
T5700871,金皇企業股份有限公司屏南三廠,2018年第1季,2.578,公噸,0,公噸,0,公噸,0,公噸,完成核算
T5700817,金皇企業股份有限公司,2018年第1季,0.896,公噸,0.001,公噸,0.013,公噸,0.009,公噸,完成核算(粒狀物核算確認中)
T5700728,大祥耐火材料股份有限公司,2018年第1季,0,公噸,0,公噸,0,公噸,0,公噸,核算確認中
T5700719,盟鑫金屬股份有限公司,2018年第1季,0.195,公噸,0,公噸,0.112,公噸,0.434,公噸,完成核算
T5700700,高興昌鋼鐵股份有限公司屏東分公司,2018年第1季,2.127,公噸,1.091,公噸,0.979,公噸,1.569,公噸,核算確認中
T5700693,大成長城企業股份有限公司,2018年第1季,0,公噸,0,公噸,2.09,公噸,1.45,公噸,核算確認中
T5700657,憬懋企業股份有限公司,2018年第1季,0,公噸,0,公噸,0,公噸,0,公噸,完成核算(粒狀物核算確認中)
T5700620,長興材料工業股份有限公司屏南分公司,2018年第1季,4.403,公噸,0.688,公噸,6.682,公噸,5.5,公噸,核算確認中
T5700602,燁興企業股份有限公司屏南線材廠,2018年第1季,0,公噸,0.381,公噸,8.412,公噸,6.039,公噸,完成核算(粒狀物核算確認中)
T5700595,聯超實業股份有限公司屏東分公司屏南廠,2018年第1季,0.878,公噸,0.224,公噸,0.665,公噸,1.904,公噸,核算確認中
T5700586,新加坡商傑樂生技股份有限公司台灣分公司,2018年第1季,0,公噸,0.179,公噸,0.822,公噸,0.661,公噸,核算確認中
T5700442,華旗實業股份有限公司,2018年第1季,1.733,公噸,0,公噸,0,公噸,0,公噸,核算確認中
T5700264,泓達化工股份有限公司,2018年第1季,1.239,公噸,0.014,公噸,0.154,公噸,0.205,公噸,完成核算(粒狀物核算確認中)
T5700139,德亨工業股份有限公司,2018年第1季,0,公噸,0,公噸,0.192,公噸,0.154,公噸,完成核算
T5700068,帝興樹脂股份有限公司,2018年第1季,0.823,公噸,0.568,公噸,1.546,公噸,2.549,公噸,核算確認中
T5603779,高鉅企業行(與T5603662重複管編),2018年第1季,0,公噸,8.533,公噸,0,公噸,0,公噸,完成申報
T5603313,連宏畜牧場,2018年第1季,0,公噸,0,公噸,0,公噸,0.007,公噸,完成核算
T5600367,仁雲企業社,2018年第1季,0,公噸,1.213,公噸,0,公噸,0,公噸,完成申報
T5600036,嘉宏豆腐店,2018年第1季,0,公噸,0,公噸,0.004,公噸,0.079,公噸,完成核算
T55A0317,如記食品有限公司,2018年第1季,0,公噸,0,公噸,0.14,公噸,0.339,公噸,完成核算
T55A0050,鑫山食品廠,2018年第1季,0,公噸,0,公噸,0.028,公噸,0.02,公噸,完成核算
T5501387,萬珍農產行,2018年第1季,0,公噸,0,公噸,0.004,公噸,0.003,公噸,完成核算
T5501378,萬津醬園,2018年第1季,0,公噸,0,公噸,0.006,公噸,0.004,公噸,核算確認中
T5500200,屏東縣肉品市場股份有限公司,2018年第1季,0,公噸,0,公噸,0.095,公噸,0.066,公噸,核算確認中
T5500184,台田醬園,2018年第1季,0,公噸,0,公噸,0.01,公噸,0.007,公噸,核算確認中
T5500095,力泰工業股份有限公司,2018年第1季,0.28,公噸,0.002,公噸,1.852,公噸,1.333,公噸,核算確認中
T54A2081,瑞洋生物科技有限公司,2018年第1季,0,公噸,0,公噸,0.952,公噸,0.66,公噸,完成核算
T54A1419,三冠畜牧場,2018年第1季,0,公噸,0,公噸,0.004,公噸,0.089,公噸,核算確認中
T54A1003,超群混凝土工業股份有限公司內埔廠,2018年第1季,0,公噸,0.648,公噸,0,公噸,0,公噸,完成季登錄確認
T54A0570,順興企業社,2018年第1季,0.027,公噸,0,公噸,0.008,公噸,0.019,公噸,完成核算
T54A0461,升元成農產品園,2018年第1季,0,公噸,0,公噸,0.01,公噸,0.007,公噸,完成核算
T5405979,全興工業股份有限公司屏東廠,2018年第1季,1.336,公噸,0,公噸,0,公噸,0,公噸,核算確認中
T5405737,新城國際實業股份有限公司,2018年第1季,0,公噸,0,公噸,0,公噸,0.055,公噸,完成核算
T5405675,台灣青啤股份有限公司屏東龍泉啤酒廠,2018年第1季,0,公噸,0.089,公噸,2.486,公噸,1.949,公噸,完成核算
T5405620,威翰環保工業股份有限公司,2018年第1季,0,公噸,0.162,公噸,1.52,公噸,1.054,公噸,完成核算
T5405175,真口味食品企業股份有限公司龍泉二廠,2018年第1季,0,公噸,0.098,公噸,0.686,公噸,0.483,公噸,完成核算
T5402576,強匠冷凍食品股份有限公司,2018年第1季,0,公噸,0,公噸,0.76,公噸,0.527,公噸,完成核算
T5402432,億發食品股份有限公司,2018年第1季,0,公噸,0,公噸,0.304,公噸,0.211,公噸,核算確認中
T5402398,高科磁技股份有限公司,2018年第1季,0.409,公噸,0,公噸,0,公噸,0.14,公噸,完成核算
T5402281,全興飼料股份有限公司屏東廠,2018年第1季,0,公噸,0,公噸,0.998,公噸,0.596,公噸,完成核算
T5400965,台灣綠藻工業股份有限公司龍泉廠,2018年第1季,0,公噸,0.136,公噸,1.212,公噸,0.835,公噸,核算確認中
T5400572,頂新製油實業股份有限公司屏東廠,2018年第1季,0,公噸,0,公噸,0,公噸,0,公噸,完成核算(粒狀物核算確認中)
T5400536,宏益冷凍食品股份有限公司,2018年第1季,0,公噸,0,公噸,0.228,公噸,0.206,公噸,核算確認中
T5400527,維鋼工業股份有限公司,2018年第1季,0,公噸,0,公噸,0,公噸,0,公噸,完成核算
T5400509,復進企業股份有限公司,2018年第1季,0,公噸,0,公噸,0.038,公噸,0.026,公噸,核算確認中
T5400483,臺灣菸酒股份有限公司屏東酒廠,2018年第1季,5.185,公噸,0.155,公噸,2.581,公噸,2.14,公噸,完成核算
T5400438,陸仕企業股份有限公司屏東廠,2018年第1季,0,公噸,0.146,公噸,1.182,公噸,0.891,公噸,完成核算
T5400429,聖恩企業股份有限公司,2018年第1季,0,公噸,0,公噸,0,公噸,0,公噸,完成核算
T5400410,萬家香醬園股份有限公司屏東廠,2018年第1季,0,公噸,0.17,公噸,0.539,公噸,1.311,公噸,核算確認中
T5400232,偉銘木業有限公司,2018年第1季,0.229,公噸,0,公噸,0.002,公噸,0.044,公噸,完成核算
T5400170,國盛食品股份有限公司屏東廠,2018年第1季,0,公噸,0,公噸,0.256,公噸,0.178,公噸,完成核算
T5400116,全興飼料股份有限公司內埔廠,2018年第1季,0,公噸,0.198,公噸,0.084,公噸,0.081,公噸,完成核算(粒狀物核算確認中)
T5400107,臺灣菸酒股份有限公司內埔菸廠,2018年第1季,0.048,公噸,0.005,公噸,0,公噸,0.156,公噸,核算確認中
T53A0337,亨科企業有限公司,2018年第1季,0.036,公噸,0,公噸,0,公噸,0,公噸,核算確認中
T53A0020,勤德農產食品有限公司,2018年第1季,0,公噸,0,公噸,0.01,公噸,0.245,公噸,核算確認中
T5300442,恩盈企業股份有限公司,2018年第1季,0.057,公噸,0,公噸,0.011,公噸,0.026,公噸,完成核算
T5300415,必高暢生物科技股份有限公司,2018年第1季,0,公噸,0,公噸,0.001,公噸,0.001,公噸,完成核算
T52A0699,龍鼎昌砂石股份有限公司,2018年第1季,0,公噸,1.393,公噸,0,公噸,0,公噸,完成申報
T52A0679,九地企業有限公司,2018年第1季,0,公噸,2.823,公噸,0,公噸,0,公噸,完成季登錄確認
T52A0669,順揚砂石有限公司,2018年第1季,0,公噸,2.102,公噸,0,公噸,0,公噸,完成季登錄確認
T52A0144,獲益砂石開發企業有限公司,2018年第1季,0,公噸,9.603,公噸,0,公噸,0,公噸,完成季登錄確認
T5204212,大智耘實業股份有限公司,2018年第1季,0.692,公噸,0,公噸,0,公噸,0,公噸,核算確認中
T5204061,高揚冷凍食品股份有限公司,2018年第1季,0,公噸,0,公噸,0.37,公噸,0.257,公噸,完成核算
T5200858,法興耐火材料工業股份有限公司,2018年第1季,0,公噸,0,公噸,0.005,公噸,0.062,公噸,核算確認中
T5200670,遠東藍藻工業股份有限公司屏東工廠,2018年第1季,0,公噸,0,公噸,0.536,公噸,0.282,公噸,核算確認中
T5200634,鳳勝實業股份有限公司高樹廠,2018年第1季,0,公噸,2.227,公噸,0,公噸,0,公噸,完成申報
T5200205,宏偉冷凍食品股份有限公司,2018年第1季,0,公噸,0,公噸,0.642,公噸,0.468,公噸,核算確認中
T51A0773,振聲農業科技股份有限公司第二場,2018年第1季,0,公噸,0,公噸,0,公噸,0,公噸,核算確認中
T51A0436,益磊砂石行,2018年第1季,0,公噸,16.27,公噸,0,公噸,0,公噸,完成季登錄確認
T51A0327,柏元企業行,2018年第1季,0,公噸,11.239,公噸,0,公噸,0,公噸,完成申報
T51A0268,日高工程實業股份有限公司,2018年第1季,0.079,公噸,0,公噸,0,公噸,0,公噸,核算確認中
T51A0169,楓田實業有限公司,2018年第1季,0,公噸,0.341,公噸,0.375,公噸,0.463,公噸,完成核算(粒狀物核算確認中)
T51A0119,昱成生物科技股份有限公司,2018年第1季,0,公噸,0.521,公噸,0.183,公噸,0.97,公噸,核算確認中
T51A0080,結凰食品有限公司,2018年第1季,0,公噸,0,公噸,0.133,公噸,0.092,公噸,核算確認中
T51A0040,萬順畜牧場,2018年第1季,0,公噸,0,公噸,0,公噸,0,公噸,核算確認中
T5104655,佑晟金屬有限公司,2018年第1季,0,公噸,0,公噸,0.198,公噸,0.122,公噸,完成核算
T5104208,興佑實業有限公司,2018年第1季,0,公噸,3.997,公噸,0,公噸,0,公噸,完成季登錄確認
T5104057,振寓有限公司屏東廠,2018年第1季,0.391,公噸,0,公噸,0.541,公噸,0.66,公噸,核算確認中
T5104048,鴻運企業行,2018年第1季,0,公噸,1.215,公噸,0,公噸,0,公噸,完成申報
T5101449,明鴻冷凍食品股份有限公司,2018年第1季,0,公噸,0,公噸,0.114,公噸,0.079,公噸,完成核算
T5100362,政億窗飾材料股份有限公司,2018年第1季,1.09,公噸,0,公噸,0.001,公噸,0.01,公噸,核算確認中
T5100335,天佑混凝土工業股份有限公司屏東工廠,2018年第1季,0,公噸,0,公噸,0.099,公噸,0.069,公噸,核算確認中
T5100326,振聲冷凍食品股份有限公司,2018年第1季,0,公噸,0,公噸,0.677,公噸,0.463,公噸,核算確認中
T5100031,仕和企業股份有限公司鹽埔碎石場,2018年第1季,0,公噸,13.605,公噸,0,公噸,0,公噸,完成季登錄確認
T5007535,利優勢股份有限公司屏東廠,2018年第1季,0,公噸,1.146,公噸,0,公噸,0,公噸,完成申報
T5007302,協隆砂石企業社,2018年第1季,0,公噸,5.067,公噸,0,公噸,0,公噸,完成申報
T5006636,傑生工業股份有限公司,2018年第1季,0.065,公噸,0,公噸,0.003,公噸,0.035,公噸,核算確認中
T5006421,經濟部礦務局屏東里港土石儲備中心,2018年第1季,0,公噸,0.34,公噸,0,公噸,0,公噸,完成申報
T5006243,富喬砂石有限公司,2018年第1季,0,公噸,1.315,公噸,0,公噸,0,公噸,完成申報
T5006225,齊泰實業有限公司,2018年第1季,0,公噸,15.705,公噸,0,公噸,0,公噸,完成申報
T5006083,永昇冷凍食品工業股份有限公司,2018年第1季,0,公噸,0.059,公噸,0.451,公噸,0.314,公噸,完成核算(粒狀物核算確認中)
T5006029,吉祥砂石股份有限公司,2018年第1季,0,公噸,3.303,公噸,0,公噸,0,公噸,完成申報
T5005844,和慶企業行,2018年第1季,0,公噸,1.935,公噸,0,公噸,0,公噸,完成申報
T5005817,和生開發股份有限公司,2018年第1季,0.034,公噸,5.77,公噸,0.036,公噸,0.023,公噸,核算確認中
T5005737,億錸砂石股份有限公司,2018年第1季,0,公噸,0,公噸,0,公噸,0,公噸,完成申報
T5005559,三友鋼管工業股份有限公司,2018年第1季,0.014,公噸,0,公噸,0.025,公噸,0.174,公噸,核算確認中
T5005424,莊松榮製藥廠有限公司,2018年第1季,0,公噸,0,公噸,2.612,公噸,1.812,公噸,核算確認中
T5005264,召信企業股份有限公司,2018年第1季,0.94,公噸,0,公噸,0,公噸,0,公噸,完成核算
T5005157,高磊砂石行,2018年第1季,0,公噸,5.445,公噸,0,公噸,0,公噸,完成申報
T5001944,協震有限公司屏東廠,2018年第1季,0,公噸,29.044,公噸,0,公噸,0,公噸,完成申報
T5001739,溢香食品股份有限公司,2018年第1季,0,公噸,0,公噸,0,公噸,0,公噸,完成核算
T5001720,富晟企業行,2018年第1季,0,公噸,6.988,公噸,0,公噸,0,公噸,完成申報
T5001702,冠伊企業股份有限公司,2018年第1季,0.357,公噸,0,公噸,0.154,公噸,0.067,公噸,核算確認中
T5001579,建程實業股份有限公司,2018年第1季,0.366,公噸,2.357,公噸,0.971,公噸,0.645,公噸,完成核算(粒狀物核算確認中)
T5001560,春發科技股份有限公司,2018年第1季,1.057,公噸,0.053,公噸,0.171,公噸,0.119,公噸,完成核算(粒狀物核算確認中)
T5000232,農生企業股份有限公司屏東冷凍廠,2018年第1季,0,公噸,0,公噸,0.475,公噸,0.329,公噸,完成核算
T5000152,鴻林興業股份有限公司里港廠,2018年第1季,0.484,公噸,2.97,公噸,1.548,公噸,1.071,公噸,核算確認中
T5000134,廣豐工業股份有限公司里港廠,2018年第1季,0,公噸,24.867,公噸,0,公噸,0,公噸,完成申報
T5000054,日盛飼料股份有限公司,2018年第1季,0,公噸,0,公噸,0.066,公噸,0.046,公噸,完成核算
T49A0838,高嘉環保科技有限公司,2018年第1季,0.7,公噸,0,公噸,0,公噸,0,公噸,完成核算
T49A0828,保毅企業有限公司,2018年第1季,0,公噸,0,公噸,0.001,公噸,0.011,公噸,核算確認中
T49A0799,陽明企業行,2018年第1季,0,公噸,0,公噸,0.104,公噸,0.072,公噸,完成核算
T49A0719,楊記企業行,2018年第1季,0,公噸,0,公噸,0,公噸,0,公噸,完成核算
T49A0660,統固優脂蛋白企業社,2018年第1季,0,公噸,0,公噸,0.004,公噸,0.029,公噸,核算確認中
T49A0155,豐鋌資源股份有限公司,2018年第1季,0,公噸,0,公噸,0.497,公噸,0.776,公噸,核算確認中
T4904651,裕瑋鋁業股份有限公司九如廠,2018年第1季,0.663,公噸,0,公噸,0.34,公噸,1.766,公噸,完成核算
T4904384,安煌畜牧場,2018年第1季,0,公噸,0,公噸,0,公噸,0.071,公噸,完成核算
T4904259,克克生物科技股份有限公司,2018年第1季,0,公噸,0,公噸,0,公噸,0,公噸,完成核算
T4904240,保億冷凍食品有限公司,2018年第1季,0,公噸,0,公噸,0.008,公噸,0.006,公噸,核算確認中
T4900279,上芳食品股份有限公司,2018年第1季,0,公噸,0,公噸,0.011,公噸,0.007,公噸,核算確認中
T4900260,國泰皮革工業股份有限公司,2018年第1季,0.287,公噸,0.038,公噸,0.38,公噸,0.264,公噸,核算確認中
T4900135,自由畜牧場,2018年第1季,0,公噸,0,公噸,0.012,公噸,0.049,公噸,完成核算
T4900091,錦堂企業股份有限公司,2018年第1季,0,公噸,0,公噸,0.019,公噸,0.065,公噸,完成核算
T4804165,聯夏食品工業股份有限公司屏東廠,2018年第1季,0,公噸,0,公噸,1.14,公噸,0.791,公噸,核算確認中
T4801100,佳源工程股份有限公司屏東廠,2018年第1季,0,公噸,2.139,公噸,0,公噸,0,公噸,完成申報
T4800989,金龍屠宰場,2018年第1季,0,公噸,0,公噸,0,公噸,0.01,公噸,完成核算
T4800078,大安工研食品工廠股份有限公司屏東廠,2018年第1季,0,公噸,0,公噸,0.095,公噸,0.066,公噸,核算確認中
T47A2408,大江生醫股份有限公司美膚科技分公司,2018年第1季,0,公噸,0,公噸,0,公噸,0.014,公噸,核算確認中
T47A2141,耀月企業股份有限公司,2018年第1季,0,公噸,0,公噸,0,公噸,0,公噸,完成核算
T47A2121,絨紫生技股份有限公司,2018年第1季,0.01,公噸,0,公噸,0,公噸,0,公噸,完成核算
T47A2032,台灣木德生技股份有限公司,2018年第1季,0,公噸,0,公噸,0,公噸,0.009,公噸,核算確認中
T47A1965,亞亮生技股份有限公司,2018年第1季,0.001,公噸,0,公噸,0,公噸,0,公噸,核算確認中
T47A1866,邑川興業有限公司,2018年第1季,0.195,公噸,0,公噸,0.972,公噸,0.494,公噸,核算確認中
T47A1777,允偉興業股份有限公司農科分公司,2018年第1季,0,公噸,0,公噸,0,公噸,0,公噸,完成核算
T47A1569,祥竤肉品有限公司,2018年第1季,0,公噸,0,公噸,0.095,公噸,0.066,公噸,核算確認中
T47A1490,玉富生物科技股份有限公司,2018年第1季,0,公噸,0,公噸,0,公噸,0,公噸,完成核算
T47A1272,新世紀漢方生技股份有限公司,2018年第1季,0,公噸,0,公噸,0,公噸,0.095,公噸,核算確認中
T47A1262,台灣汎生製藥廠股份有限公司屏東農科分公司,2018年第1季,0,公噸,0,公噸,0,公噸,0.016,公噸,完成核算
T47A1173,雙鑫冷凍食品有限公司,2018年第1季,0,公噸,0,公噸,0.141,公噸,0.098,公噸,完成核算
T47A1113,綠世代生物科技股份有限公司,2018年第1季,0,公噸,0,公噸,0,公噸,0,公噸,核算確認中
T47A1004,環球胜?股份有限公司農科分公司,2018年第1季,0,公噸,0,公噸,0,公噸,0.102,公噸,完成核算
T47A0987,微新生物科技股份有限公司,2018年第1季,0,公噸,0,公噸,0,公噸,0.001,公噸,完成核算
T47A0937,慈宏生物科技有限公司,2018年第1季,0,公噸,0,公噸,0.036,公噸,0.212,公噸,核算確認中
T47A0907,萬德福生物科技股份有限公司,2018年第1季,0,公噸,0,公噸,0,公噸,0.007,公噸,完成核算
T47A0868,喬本生醫股份有限公司,2018年第1季,0,公噸,0,公噸,0,公噸,0.003,公噸,核算確認中
T47A0828,台灣北斗生技股份有限公司,2018年第1季,0,公噸,0,公噸,0,公噸,0.078,公噸,完成核算
T47A0719,瑞寶基因股份有限公司屏東分公司,2018年第1季,0,公噸,0,公噸,0,公噸,0,公噸,完成核算
T47A0680,天明製藥股份有限公司農科分公司,2018年第1季,0,公噸,0,公噸,0,公噸,0.127,公噸,核算確認中
T47A0670,會昌實業股份有限公司屏東分公司,2018年第1季,0,公噸,0,公噸,0,公噸,0.011,公噸,核算確認中
T47A0591,台灣北斗生技股份有限公司,2018年第1季,0,公噸,0,公噸,0,公噸,0.044,公噸,完成核算
T47A0581,蕾迪詩生物科技股份有限公司,2018年第1季,0.004,公噸,0,公噸,0,公噸,0,公噸,核算確認中
T47A0541,寶林生物科技股份有限公司農科分公司,2018年第1季,0,公噸,0,公噸,0,公噸,0,公噸,核算確認中
T47A0521,大鵰生技股份有限公司,2018年第1季,0.146,公噸,0,公噸,0,公噸,0.099,公噸,完成核算
T47A0511,大江生醫股份有限公司農科分公司,2018年第1季,0,公噸,0,公噸,0,公噸,0.299,公噸,核算確認中
T47A0393,星鑽工業股份有限公司,2018年第1季,0.098,公噸,0,公噸,0.504,公噸,0.354,公噸,完成核算
T47A0373,朝海生物科技股份有限公司,2018年第1季,0,公噸,0,公噸,0,公噸,0.004,公噸,核算確認中
T47A0343,魔米國際股份有限公司,2018年第1季,0,公噸,0,公噸,0,公噸,0.009,公噸,完成核算
T47A0244,坤翰有限公司附設屠宰場,2018年第1季,0,公噸,0,公噸,0,公噸,0.05,公噸,核算確認中
T47A0105,台灣蓮鴻生化科技股份有限公司農科分公司,2018年第1季,0,公噸,0,公噸,0,公噸,0,公噸,完成核算
T47A0056,聯發生物科技股份有限公司,2018年第1季,0,公噸,0,公噸,0,公噸,0.004,公噸,核算確認中
T4704044,璇億企業股份有限公司,2018年第1季,0,公噸,0,公噸,0.072,公噸,0.736,公噸,完成核算
T4701678,歡榮金屬企業股份有限公司,2018年第1季,0.094,公噸,0,公噸,0.028,公噸,0.065,公噸,完成核算
T4700215,信功實業股份有限公司屏東食品工廠,2018年第1季,0,公噸,0.067,公噸,0.684,公噸,0.474,公噸,核算確認中
T4700073,玖錩精密鑄造有限公司,2018年第1季,0.017,公噸,0,公噸,0.202,公噸,0.141,公噸,完成核算
T46A2403,鼎禾企業社,2018年第1季,0,公噸,0,公噸,0.001,公噸,0.007,公噸,核算確認中
T46A2304,崇霖企業股份有限公司,2018年第1季,0.101,公噸,0,公噸,0,公噸,0.007,公噸,核算確認中
T46A2265,丞光彩藝股份有限公司,2018年第1季,2.205,公噸,0,公噸,0,公噸,0,公噸,完成核算
T46A2097,台灣寰寶實業有限公司,2018年第1季,0,公噸,0,公噸,0.018,公噸,0.029,公噸,完成核算
T46A2077,亦盛實業有限公司,2018年第1季,0,公噸,0,公噸,0,公噸,0.025,公噸,核算確認中
T46A1900,嘉泰飼料股份有限公司,2018年第1季,0,公噸,0.721,公噸,0.447,公噸,0.238,公噸,完成核算(粒狀物核算確認中)
T46A1861,南琦企業行,2018年第1季,0,公噸,0,公噸,0.038,公噸,0.026,公噸,核算確認中
T46A1415,五福行,2018年第1季,0,公噸,0,公噸,0.004,公噸,0.028,公噸,核算確認中
T46A1386,進威企業股份有限公司,2018年第1季,0,公噸,0,公噸,0.171,公噸,0.119,公噸,完成核算
T46A1277,科彰建材實業股份有限公司,2018年第1季,0,公噸,0,公噸,0.001,公噸,0.013,公噸,完成核算
T46A1128,萬偉股份有限公司,2018年第1季,0,公噸,0,公噸,0.066,公噸,0.046,公噸,完成核算
T46A0734,耕耘畜牧場,2018年第1季,0,公噸,0,公噸,0.001,公噸,0.021,公噸,核算確認中
T46A0724,普淨實業有限公司,2018年第1季,0,公噸,0,公噸,0.009,公噸,0.17,公噸,核算確認中
T4606954,永承飼料股份有限公司,2018年第1季,0,公噸,0,公噸,0.218,公噸,0.12,公噸,完成核算
T4606794,鑫富發鋼鐵工業股份有限公司,2018年第1季,0.065,公噸,0,公噸,0,公噸,0,公噸,核算確認中
T4606678,萬丹屠宰場,2018年第1季,0,公噸,0,公噸,0.076,公噸,0.053,公噸,完成核算
T4606525,名立實業有限公司,2018年第1季,0,公噸,0.213,公噸,0,公噸,0,公噸,完成申報
T4606258,恆品實業股份有限公司屏東廠,2018年第1季,0.014,公噸,0,公噸,0,公噸,0,公噸,完成核算
T4602803,旭東環保科技股份有限公司萬丹分公司,2018年第1季,0.396,公噸,0,公噸,0,公噸,0,公噸,完成核算
T4602241,富統食品股份有限公司,2018年第1季,0,公噸,0,公噸,0.908,公噸,0.774,公噸,核算確認中
T4602223,勝芳園食品工業有限公司,2018年第1季,0,公噸,0,公噸,0.057,公噸,0.04,公噸,核算確認中
T4600452,豐東實業股份有限公司,2018年第1季,0,公噸,1.275,公噸,0,公噸,0,公噸,完成申報
T4600381,臺豪鋼鐵股份有限公司,2018年第1季,5.444,公噸,10.594,公噸,0.297,公噸,0.216,公噸,完成核算(粒狀物核算確認中)
T4600372,大源實業股份有限公司,2018年第1季,0,公噸,1.097,公噸,0.304,公噸,0.211,公噸,核算確認中
T4600185,欽嘉企業股份有限公司,2018年第1季,0.491,公噸,0,公噸,0.2,公噸,0.258,公噸,核算確認中
T4600167,祥嵐實業股份有限公司,2018年第1季,0.051,公噸,0,公噸,0,公噸,0,公噸,完成核算
T45A0343,河堤時尚旅店有限公司,2018年第1季,0,公噸,0,公噸,0.01,公噸,0.007,公噸,完成核算
T45A0303,磐鑫實業有限公司,2018年第1季,0,公噸,0.752,公噸,0,公噸,0,公噸,完成申報
T4503181,夏都國際開發股份有限公司屏東分公司,2018年第1季,0,公噸,0,公噸,0.001,公噸,0.07,公噸,核算確認中
T4503065,恆春屠宰場,2018年第1季,0,公噸,0,公噸,0,公噸,0.002,公噸,完成核算
T4500322,悠活渡假事業股份有限公司,2018年第1季,0,公噸,0,公噸,0.238,公噸,0.165,公噸,完成核算
T4500313,墾丁天鵝湖飯店有限公司,2018年第1季,0,公噸,0,公噸,0,公噸,0.002,公噸,核算確認中
T4500288,墾丁高山青大飯店有限公司,2018年第1季,0,公噸,0,公噸,0.011,公噸,0.008,公噸,完成核算
T4500180,耕頂興業股份有限公司,2018年第1季,0,公噸,0,公噸,0.408,公噸,0.272,公噸,核算確認中
T4500108,台灣電力股份有限公司第三核能發電廠,2018年第1季,0.161,公噸,0.305,公噸,0.009,公噸,5.953,公噸,核算確認中
T4500082,凱撒大飯店股份有限公司,2018年第1季,0.005,公噸,0.026,公噸,0.18,公噸,0.133,公噸,核算確認中
T4400390,樺太企業有限公司,2018年第1季,0,公噸,0,公噸,0,公噸,0,公噸,完成核算
T4400381,慶祥食品有限公司,2018年第1季,0,公噸,0,公噸,0,公噸,0.001,公噸,核算確認中
T4400185,慶發漁具工廠股份有限公司,2018年第1季,0.005,公噸,0.096,公噸,1.449,公噸,1.129,公噸,核算確認中
T43A1014,三崎企業有限公司,2018年第1季,0,公噸,0,公噸,0.002,公噸,0.025,公噸,完成核算
T43A0591,金順成水產開發有限公司,2018年第1季,0,公噸,0,公噸,0.006,公噸,0.044,公噸,核算確認中
T43A0195,順昕畜牧場,2018年第1季,0,公噸,0,公噸,0.002,公噸,0.032,公噸,核算確認中
T4304419,佳益冷凍食品股份有限公司,2018年第1季,0,公噸,0,公噸,0,公噸,0.048,公噸,核算確認中
T4301249,元農企業有限公司,2018年第1季,0,公噸,0,公噸,0.076,公噸,0.045,公噸,完成核算
T4301196,金發香醬園,2018年第1季,0,公噸,0,公噸,0.017,公噸,0.012,公噸,核算確認中
T4301141,聯東工業股份有限公司,2018年第1季,0.005,公噸,0,公噸,0,公噸,0.001,公噸,完成核算
T4301132,佳豐飼料工業股份有限公司,2018年第1季,0,公噸,0,公噸,0.038,公噸,0.026,公噸,完成核算
T4300877,中華食品實業股份有限公司屏東廠,2018年第1季,0,公噸,0.21,公噸,1.372,公噸,0.942,公噸,核算確認中
T42B1432,力厲企業股份有限公司五廠,2018年第1季,0,公噸,0,公噸,0.177,公噸,0.148,公噸,核算確認中
T42B0959,達文西生醫科技股份有限公司,2018年第1季,0,公噸,0,公噸,0,公噸,0,公噸,核算確認中
T42A9706,開發工業股份有限公司屏東廠,2018年第1季,0,公噸,0,公噸,0.068,公噸,0.206,公噸,完成核算
T42A9598,至茂企業股份有限公司屏?廠,2018年第1季,0,公噸,0,公噸,0.19,公噸,0.132,公噸,完成核算
T42A8897,安章企業社,2018年第1季,0,公噸,0,公噸,0.043,公噸,0.03,公噸,核算確認中
T42A8807,松大企業社,2018年第1季,0,公噸,0,公噸,0.057,公噸,0.04,公噸,核算確認中
T42A8639,宏利汽車部件股份有限公司,2018年第1季,0,公噸,0,公噸,0,公噸,0.061,公噸,核算確認中
T42A8045,磁科股份有限公司,2018年第1季,0,公噸,0,公噸,0.079,公噸,0.432,公噸,完成核算
T42A7998,穩發行,2018年第1季,0,公噸,0,公噸,0.008,公噸,0.095,公噸,核算確認中
T42A7384,太子國際股份有限公司,2018年第1季,0.152,公噸,0.268,公噸,0.494,公噸,0.343,公噸,完成核算
T42A7245,智相科技股份有限公司,2018年第1季,0,公噸,0,公噸,0.023,公噸,0.016,公噸,核算確認中
T42A6712,弘一瀝青股份有限公司,2018年第1季,0.001,公噸,0.018,公噸,0.009,公噸,0.012,公噸,核算確認中
T42A6019,尚海塑鋼實業股份有限公司,2018年第1季,0,公噸,0,公噸,0,公噸,0,公噸,完成核算
T42A5675,宏毅國際有限公司,2018年第1季,0.116,公噸,0,公噸,0.047,公噸,0.032,公噸,核算確認中
T42A5526,積勝企業股份有限公司,2018年第1季,0.034,公噸,0,公噸,0,公噸,0,公噸,完成核算
T42A4904,秉均國際股份有限公司,2018年第1季,0.196,公噸,0,公噸,0.002,公噸,0.037,公噸,核算確認中
T42A4310,明揚國際科技股份有限公司,2018年第1季,10.185,公噸,0.153,公噸,0,公噸,0,公噸,完成核算(粒狀物核算確認中)
T42A3461,映瑞工業股份有限公司,2018年第1季,0.254,公噸,0,公噸,0,公噸,0,公噸,核算確認中
T42A3104,維鋼工業股份有限公司,2018年第1季,0.042,公噸,0,公噸,0.007,公噸,0.053,公噸,完成核算
T42A3065,高鼎實業股份有限公司,2018年第1季,0.812,公噸,0,公噸,0,公噸,0,公噸,核算確認中
T42A3005,里一實業有限公司,2018年第1季,0,公噸,1.719,公噸,0,公噸,0,公噸,完成季登錄確認
T42A2750,弘詳膠業股份有限公司,2018年第1季,0.747,公噸,0,公噸,0,公噸,0,公噸,核算確認中
T42A2740,永富興科技股份有限公司,2018年第1季,0.001,公噸,0,公噸,0,公噸,2.537,公噸,核算確認中
T42A2522,米堤汽車旅館,2018年第1季,0,公噸,0,公噸,0,公噸,0,公噸,核算確認中
T42A1514,金萬成鋼鐵有限公司,2018年第1季,0.005,公噸,0,公噸,0,公噸,0,公噸,核算確認中
T42A1247,旭東環保科技股份有限公司,2018年第1季,0.424,公噸,0,公噸,0,公噸,0,公噸,完成核算
T42A1029,溢泰實業股份有限公司,2018年第1季,2.534,公噸,0,公噸,0,公噸,0,公噸,完成核算
T42A0328,至茂奈米生技有限公司屏東廠,2018年第1季,0,公噸,0,公噸,0,公噸,0,公噸,完成核算
T42A0021,漢聖製藥科技股份有限公司,2018年第1季,0,公噸,0,公噸,0.048,公噸,0.033,公噸,核算確認中
T4295148,祥吉塑膠工業股份有限公司,2018年第1季,0.21,公噸,0,公噸,0,公噸,0,公噸,完成核算
T4208994,台灣格瑞特工業股份有限公司,2018年第1季,7.675,公噸,0.005,公噸,0,公噸,0.67,公噸,核算確認中
T4208047,輝和塑膠股份有限公司,2018年第1季,0.45,公噸,0,公噸,0,公噸,0,公噸,核算確認中
T4207317,財團法人屏東基督教勝利之家,2018年第1季,0,公噸,0,公噸,0.266,公噸,0.188,公噸,完成核算
T4207246,富泰益實業有限公司,2018年第1季,0.064,公噸,0,公噸,0.02,公噸,0.046,公噸,核算確認中
T4204558,格尚庭園汽車旅館,2018年第1季,0,公噸,0,公噸,0.032,公噸,0.022,公噸,完成核算
T4204521,鑽石大旅社,2018年第1季,0,公噸,0,公噸,0,公噸,0.002,公噸,核算確認中
T4204389,品芳食品廠,2018年第1季,0,公噸,0,公噸,0.004,公噸,0.003,公噸,核算確認中
T4204254,富光大飯店,2018年第1季,0,公噸,0,公噸,0,公噸,0.009,公噸,核算確認中
T4204245,坤園企業有限公司,2018年第1季,0,公噸,0,公噸,0,公噸,0.005,公噸,完成核算
T4204183,虹球橡膠工業股份有限公司屏東廠,2018年第1季,0.007,公噸,0,公噸,0,公噸,0,公噸,核算確認中
T4204076,泰翔精密鑄造股份有限公司,2018年第1季,0.097,公噸,0,公噸,0.69,公噸,0.48,公噸,核算確認中
T4204049,榮光商行,2018年第1季,0,公噸,0,公噸,0.006,公噸,0.004,公噸,核算確認中
T4203793,東發生物科技製藥股份有限公司,2018年第1季,0,公噸,0,公噸,0,公噸,0,公噸,完成核算
T4203784,國興畜產股份有限公司,2018年第1季,0,公噸,0.467,公噸,0.931,公噸,0.612,公噸,完成核算
T4203686,燁輝企業股份有限公司屏東廠,2018年第1季,4.545,公噸,0.195,公噸,0.284,公噸,3.231,公噸,完成核算(粒狀物核算確認中)
T4203471,子琪大飯店股份有限公司,2018年第1季,0,公噸,0,公噸,0,公噸,0.002,公噸,完成核算
T4203293,松芳醬園,2018年第1季,0,公噸,0,公噸,0.019,公噸,0.013,公噸,完成核算
T4203275,寶建醫療社團法人寶建醫院,2018年第1季,0,公噸,0,公噸,0,公噸,0,公噸,核算確認中
T4203168,峰榮食品工業股份有限公司屏東廠,2018年第1季,0,公噸,0,公噸,0,公噸,0.004,公噸,核算確認中
T4202563,東成畜牧場,2018年第1季,0,公噸,0,公噸,0,公噸,0.009,公噸,核算確認中
T4202107,屏基醫療財團法人屏東基督教醫院,2018年第1季,0,公噸,0,公噸,0.657,公噸,0.37,公噸,完成核算
T4201995,文慶牧場,2018年第1季,0,公噸,0,公噸,0,公噸,0.003,公噸,核算確認中
T4201673,恆峰工業股份有限公司,2018年第1季,0.036,公噸,0,公噸,0.238,公噸,0.165,公噸,完成核算
T4201646,台灣本田汽車股份有限公司,2018年第1季,41.656,公噸,0.005,公噸,0.399,公噸,0.629,公噸,完成核算(粒狀物核算確認中)
T4201600,城億實業股份有限公司,2018年第1季,0.091,公噸,0,公噸,0.388,公噸,0.266,公噸,完成核算
T4201593,鳳勝實業股份有限公司屏東廠,2018年第1季,0,公噸,1.512,公噸,0,公噸,0,公噸,完成申報
T4201584,明昌輪業股份有限公司第二廠,2018年第1季,0.96,公噸,0,公噸,0.005,公噸,0.106,公噸,核算確認中
T4201575,南王化工有限公司,2018年第1季,0,公噸,0,公噸,0.038,公噸,0.026,公噸,完成核算
T4201557,海宇漁具廠股份有限公司,2018年第1季,0.298,公噸,0,公噸,0,公噸,0,公噸,核算確認中
T4201548,京華福士科股份有限公司,2018年第1季,6.871,公噸,0,公噸,0,公噸,0.092,公噸,完成核算(粒狀物核算確認中)
T4201539,崑興企業股份有限公司,2018年第1季,0,公噸,0,公噸,0.07,公噸,0.049,公噸,核算確認中
T4201520,屏榮實業股份有限公司,2018年第1季,0,公噸,0,公噸,0.068,公噸,0.057,公噸,完成核算
T4201502,福松食品股份有限公司,2018年第1季,0,公噸,0,公噸,0.475,公噸,0.329,公噸,核算確認中
T4201440,錦達工業股份有限公司屏東廠,2018年第1季,0.076,公噸,0,公噸,0.007,公噸,0.016,公噸,完成核算
T4201431,成泰企業股份有限公司,2018年第1季,0,公噸,0,公噸,0.285,公噸,0.198,公噸,完成核算
T4201397,大茂食品工業股份有限公司,2018年第1季,0,公噸,0,公噸,1.094,公噸,0.759,公噸,核算確認中
T4201388,建泰源農工股份有限公司,2018年第1季,0,公噸,0,公噸,0,公噸,0.029,公噸,核算確認中
T4201351,台灣陽生製藥工業股份有限公司,2018年第1季,0,公噸,0,公噸,0.057,公噸,0.04,公噸,核算確認中
T4201306,台灣農畜工業股份有限公司,2018年第1季,0,公噸,0,公噸,1.058,公噸,0.713,公噸,核算確認中
T4201173,健鼎精密鑄造股份有限公司,2018年第1季,0.067,公噸,0,公噸,0.173,公噸,0.124,公噸,核算確認中
T4201057,華勇鋼鐵工業股份有限公司,2018年第1季,0.016,公噸,0,公噸,0.38,公噸,0.264,公噸,完成核算
T4200989,泰一企業社,2018年第1季,0,公噸,0,公噸,0.008,公噸,0.005,公噸,核算確認中
T4200943,丞埕企業股份有限公司,2018年第1季,0,公噸,0,公噸,1.036,公噸,0.758,公噸,核算確認中
T4200747,有台企業股份有限公司,2018年第1季,0,公噸,0,公噸,0,公噸,0,公噸,完成核算
T4200710,再聯企業股份有限公司一廠,2018年第1季,0.186,公噸,0,公噸,0,公噸,0,公噸,核算確認中
T4200701,再聯企業股份有限公司二廠,2018年第1季,0.045,公噸,1.335,公噸,0.013,公噸,0.031,公噸,核算確認中
T4200425,宏森地產股份有限公司,2018年第1季,9.241,公噸,0.002,公噸,0.001,公噸,0.022,公噸,完成核算(粒狀物核算確認中)
S3504010,溫川開發有限公司-轉角26溫泉,2018年第1季,0,公噸,0,公噸,0.076,公噸,0.053,公噸,完成核算
S3504001,美崙山溫泉渡假村,2018年第1季,0,公噸,0,公噸,0,公噸,0.007,公噸,完成核算
S3503924,不老溫泉度假村,2018年第1季,0,公噸,0,公噸,0,公噸,0,公噸,完成核算
S3503915,悠然山莊有限公司,2018年第1季,0,公噸,0,公噸,0,公噸,0,公噸,完成核算
S3503826,鴻來溫泉渡假山莊,2018年第1季,0,公噸,0,公噸,0,公噸,0,公噸,完成核算
S3503497,天闊日式溫泉會館,2018年第1季,0,公噸,0,公噸,0.057,公噸,0.04,公噸,完成核算
S3503264,國禎興業有限公司,2018年第1季,0,公噸,0,公噸,0.095,公噸,0.066,公噸,完成核算
S3503255,醉月齋溫泉,2018年第1季,0,公噸,0,公噸,0,公噸,0,公噸,完成核算
S3503228,草地人溫泉民宿,2018年第1季,0,公噸,0,公噸,0.019,公噸,0.013,公噸,完成核算
S34A0123,冠宣有限公司,2018年第1季,0.161,公噸,0,公噸,0,公噸,0.019,公噸,完成核算
S3495016,國盟股份有限公司,2018年第1季,0,公噸,0,公噸,0.38,公噸,0.264,公噸,完成核算
S3404613,上采興業股份有限公司,2018年第1季,0.439,公噸,0,公噸,0.004,公噸,0.069,公噸,完成核算
S3404579,龍耀木業股份有限公司,2018年第1季,0.216,公噸,0,公噸,0,公噸,0.008,公噸,完成核算
S3404560,裕興醬油工廠,2018年第1季,0,公噸,0,公噸,0,公噸,0.012,公噸,完成核算
S3404284,久陽精密股份有限公司,2018年第1季,0.404,公噸,0,公噸,0,公噸,0.279,公噸,完成核算
S3404202,宗賀企業有限公司梓官廠,2018年第1季,0.005,公噸,0,公噸,0.055,公噸,0.04,公噸,完成核算
S3404195,友立化工有限公司,2018年第1季,0.021,公噸,0,公噸,0,公噸,0,公噸,完成核算
S3401096,螢建有限公司,2018年第1季,0,公噸,6.2,公噸,0,公噸,0,公噸,完成季登錄確認
S3400964,慶堂工業股份有限公司梓官廠,2018年第1季,0,公噸,0,公噸,0,公噸,0,公噸,完成核算
S3400919,大棡化工工業股份有限公司,2018年第1季,0.069,公噸,0,公噸,0.002,公噸,0.001,公噸,完成核算
S3400482,春星工業股份有限公司,2018年第1季,0.005,公噸,0,公噸,0,公噸,0.862,公噸,完成核算
S3400473,春木工廠股份有限公司,2018年第1季,0,公噸,0,公噸,0,公噸,0.022,公噸,完成核算
S3400464,添榮企業有限公司,2018年第1季,0,公噸,0,公噸,0,公噸,0,公噸,完成核算
S3400455,杉泰實業社,2018年第1季,0,公噸,0,公噸,0.001,公噸,0.023,公噸,完成核算
S3400375,黃隆昌製磚股份有限公司,2018年第1季,0.21,公噸,1.095,公噸,0.477,公噸,0.168,公噸,完成核算
S3400268,南發木器股份有限公司,2018年第1季,1.768,公噸,0,公噸,0,公噸,0,公噸,核算確認中
S3400259,冠帝興業股份有限公司,2018年第1季,0.359,公噸,0,公噸,0.006,公噸,0.124,公噸,完成核算
S3400231,忠鴻成木門企業有限公司,2018年第1季,0,公噸,0,公噸,0,公噸,0,公噸,完成核算
S3400151,天順木器股份有限公司,2018年第1季,1.478,公噸,0,公噸,0.001,公噸,0.012,公噸,完成核算
S3400142,允良機械股份有限公司,2018年第1季,0.04,公噸,0,公噸,0.004,公噸,0.049,公噸,完成核算
S33A0118,協淳實業有限公司,2018年第1季,0.125,公噸,0,公噸,0.143,公噸,0.095,公噸,完成核算
S3303335,雍盛木業有限公司,2018年第1季,0,公噸,0,公噸,0,公噸,0,公噸,完成核算
S3303317,昱昌飼料企業股份有限公司,2018年第1季,0,公噸,0,公噸,0,公噸,0.008,公噸,完成核算
S3303022,順彬木業股份有限公司,2018年第1季,0.73,公噸,0,公噸,0,公噸,0,公噸,完成核算
S3300165,辰悅工廠股份有限公司,2018年第1季,0,公噸,0,公噸,0.114,公噸,0.079,公噸,完成核算
S32A0193,見龍化學工業股份有限公司吹膜廠,2018年第1季,0.018,公噸,0,公噸,0,公噸,0,公噸,完成核算
S32A0133,璟茂科技股份有限公司二廠,2018年第1季,0.158,公噸,0,公噸,0,公噸,0,公噸,完成核算
S32A0123,立州油脂有限公司永安廠,2018年第1季,0,公噸,0,公噸,0,公噸,0,公噸,完成核算
S3204828,台京企業股份有限公司高雄廠,2018年第1季,0.063,公噸,0,公噸,0,公噸,0.002,公噸,完成核算
S3204739,名佃工業股份有限公司永安廠,2018年第1季,0.828,公噸,0,公噸,0,公噸,0,公噸,完成核算
S3204711,名鎮工業股份有限公司永安廠,2018年第1季,0.871,公噸,0,公噸,0,公噸,0,公噸,完成核算
S3204695,勝一化工股份有限公司永安二廠,2018年第1季,3.189,公噸,0,公噸,0,公噸,2.958,公噸,完成核算
S3204677,力大螺絲工廠股份有限公司永安廠,2018年第1季,4.921,公噸,0,公噸,0.004,公噸,0.052,公噸,完成核算
S3204579,見龍化學工業股份有限公司永安廠,2018年第1季,0.085,公噸,0,公噸,0,公噸,0,公噸,完成核算
S3204506,春星工業股份有限公司永安廠,2018年第1季,0,公噸,0,公噸,0,公噸,0.235,公噸,完成核算
S3204159,信元鋁業股份有限公司,2018年第1季,0,公噸,0,公噸,0,公噸,0.081,公噸,完成核算
S3204122,誼榮鋼鐵有限公司三廠,2018年第1季,0,公噸,2.035,公噸,0.101,公噸,10.054,公噸,完成核算
S3204113,丸長螺絲股份有限公司,2018年第1季,0,公噸,0,公噸,0,公噸,0.024,公噸,完成核算
S3204042,璟茂科技股份有限公司永安廠,2018年第1季,2.084,公噸,0,公噸,0,公噸,0,公噸,完成核算
S3201096,國精化學股份有限公司永安廠,2018年第1季,16.751,公噸,0.091,公噸,0.537,公噸,2.205,公噸,完成核算
S3201078,慶圖金屬開發股份有限公司,2018年第1季,2.491,公噸,0,公噸,0,公噸,0.187,公噸,完成核算
S3201023,慈陽科技工業股份有限公司,2018年第1季,2.676,公噸,4.171,公噸,0.115,公噸,0.942,公噸,完成核算
S3200973,衛普實業股份有限公司,2018年第1季,3.558,公噸,0,公噸,0,公噸,0,公噸,完成核算
S3200946,台灣中油股份有限公司天然氣事業部永安液化天然氣廠,2018年第1季,1.18,公噸,0,公噸,0,公噸,2.263,公噸,完成核算
S3200928,有益鋼鐵股份有限公司,2018年第1季,0,公噸,0.032,公噸,0.018,公噸,0.095,公噸,完成核算
S3200713,美和實業股份有限公司,2018年第1季,0.001,公噸,0,公噸,0,公噸,0,公噸,完成核算
S3200697,聚惠工業股份有限公司,2018年第1季,3.181,公噸,0.165,公噸,0.174,公噸,0.156,公噸,完成核算
S3200688,臺灣電力股份有限公司興達發電廠,2018年第1季,0.703,公噸,148.2,公噸,1385.58,公噸,2080.503,公噸,完成核算
S3200679,慈陽金屬工業股份有限公司,2018年第1季,0,公噸,0,公噸,1.282,公噸,0.89,公噸,完成核算
S3200660,大立高分子工業股份有限公司永安廠,2018年第1季,1.158,公噸,0.007,公噸,0.016,公噸,0.198,公噸,完成核算
S3200446,宗美工業股份有限公司,2018年第1季,5.284,公噸,0.014,公噸,0,公噸,0.484,公噸,完成核算
S3200428,勝一化工股份有限公司,2018年第1季,19.219,公噸,0.069,公噸,1.502,公噸,1.19,公噸,完成核算
S3200393,鶴壽瓦楞紙器股份有限公司永安廠,2018年第1季,0,公噸,0,公噸,0,公噸,0,公噸,完成核算
S3200357,億築企業股份有限公司,2018年第1季,0.084,公噸,0,公噸,0.024,公噸,0.056,公噸,完成核算
S3200286,高興昌鋼鐵股份有限公司永安廠,2018年第1季,0,公噸,0,公噸,0,公噸,0,公噸,完成核算
S3200142,台灣關西塗料股份有限公司,2018年第1季,24.243,公噸,0.859,公噸,0,公噸,0,公噸,完成核算
S3200124,台灣金蜂股份有限公司,2018年第1季,1.892,公噸,0,公噸,0,公噸,0.004,公噸,完成核算
S3200115,台灣卜蜂企業股份有限公司高雄廠,2018年第1季,0,公噸,4.305,公噸,0,公噸,0,公噸,完成核算
S3200106,王冠鋁業股份有限公司,2018年第1季,1.243,公噸,0,公噸,0.852,公噸,0.92,公噸,完成核算
S3200099,日嘉工業股份有限公司,2018年第1季,0.576,公噸,0,公噸,0.026,公噸,0.083,公噸,完成核算
S3200062,鳳山木業股份有限公司永安廠,2018年第1季,0.235,公噸,0,公噸,0.004,公噸,0.096,公噸,完成核算
S3103102,金永隆實業股份有限公司茄萣廠,2018年第1季,0.61,公噸,0,公噸,0,公噸,0,公噸,完成核算
S3103068,大鼻子有限公司,2018年第1季,0.024,公噸,0,公噸,0,公噸,0,公噸,完成核算
S3100192,瑞昌亞克力企業股份有限公司,2018年第1季,0.332,公噸,0,公噸,0.01,公噸,0.121,公噸,完成核算
S3100165,勝和冷凍有限公司高雄廠,2018年第1季,0,公噸,0,公噸,0,公噸,0,公噸,完成核算
S30A0618,宇台肉品有限公司附設屠宰場,2018年第1季,0,公噸,0,公噸,0.066,公噸,0.046,公噸,完成核算
S30A0569,英展工業(股)公司,2018年第1季,0,公噸,0,公噸,0,公噸,0,公噸,完成核算
S30A0470,保盛紀念農禽肉品場,2018年第1季,0,公噸,0,公噸,0.028,公噸,0.02,公噸,完成核算
S30A0341,英寶屠宰場,2018年第1季,0,公噸,0,公噸,0,公噸,0,公噸,完成核算
S30A0321,詠鋐有限公司,2018年第1季,0,公噸,0,公噸,0,公噸,0,公噸,完成核算
S30A0133,煜豐鋁業有限公司,2018年第1季,0.1,公噸,0,公噸,0.769,公噸,0.531,公噸,完成核算
S3005003,穩翔塑膠實業有限公司,2018年第1季,0.264,公噸,0,公噸,0,公噸,0,公噸,完成核算
S3004873,益瑔科技股份有限公司,2018年第1季,0.195,公噸,0,公噸,0,公噸,0.008,公噸,完成核算
S3004739,聯富紙器股份有限公司湖內廠,2018年第1季,0,公噸,0,公噸,0.28,公噸,0.204,公噸,完成核算
S3004720,愛菲爾汽車旅館,2018年第1季,0,公噸,0,公噸,0.013,公噸,0.009,公噸,完成核算
S3004695,將嘉實業有限公司,2018年第1季,0,公噸,0.994,公噸,0,公噸,0.034,公噸,完成核算
S3004686,榮華屠宰場,2018年第1季,0,公噸,0,公噸,0.239,公噸,0.166,公噸,完成核算
S3004677,穎明工業股份有限公司海埔二廠,2018年第1季,0.197,公噸,0,公噸,0.171,公噸,0.119,公噸,完成核算
S3004640,台灣耐落螺絲工業股份有限公司,2018年第1季,0.496,公噸,0,公噸,0,公噸,0,公噸,完成核算
S3004542,鑄冠有限公司,2018年第1季,0,公噸,0,公噸,0.248,公噸,0.17,公噸,完成核算
S3004515,瑞達信興業股份有限公司,2018年第1季,0.47,公噸,0,公噸,0,公噸,0.112,公噸,完成核算
S3004211,全鎧鋁業股份有限公司,2018年第1季,1.368,公噸,0.635,公噸,2.86,公噸,1.98,公噸,完成核算
S3004159,惠瑔企業有限公司,2018年第1季,0.016,公噸,0,公噸,0.002,公噸,0.021,公噸,完成核算
S3004131,古板企業有限公司,2018年第1季,0,公噸,7.76,公噸,0,公噸,0,公噸,完成季登錄確認
S3001710,高嘉塑膠股份有限公司,2018年第1季,0.492,公噸,0,公噸,0,公噸,0,公噸,完成核算
S3001658,溢太塑膠工業股份有限公司,2018年第1季,0.4,公噸,0,公噸,0,公噸,0,公噸,完成核算
S3001514,詠縉企業有限公司,2018年第1季,1.645,公噸,0,公噸,0,公噸,0.015,公噸,完成核算
S3001407,善統工業股份有限公司,2018年第1季,0,公噸,0,公噸,0.094,公噸,0.063,公噸,完成核算
S3001345,穎明工業股份有限公司大湖廠,2018年第1季,0.109,公噸,0,公噸,0.016,公噸,0.204,公噸,完成核算
S3001309,環球水泥股份有限公司-湖內堆置場,2018年第1季,0,公噸,1.204,公噸,0,公噸,0,公噸,完成季登錄確認
S3001292,綠生企業股份有限公司,2018年第1季,0.431,公噸,0,公噸,0.001,公噸,0.009,公噸,完成核算
S3001050,大亞鏈條股份有限公司高雄廠,2018年第1季,0.084,公噸,0,公噸,0.009,公噸,0.118,公噸,完成核算
S3001032,豪億企業股份有限公司,2018年第1季,0.064,公噸,0,公噸,0,公噸,0.035,公噸,完成核算
S3000991,連盛皮革股份有限公司湖內廠,2018年第1季,0.326,公噸,0.172,公噸,0,公噸,0.004,公噸,完成核算
S3000544,國信食品股份有限公司高雄廠,2018年第1季,0,公噸,0.061,公噸,0,公噸,0.866,公噸,完成核算
S3000508,奇美食品股份有限公司,2018年第1季,0,公噸,0,公噸,0,公噸,0.277,公噸,完成核算
S3000473,益成製革股份有限公司,2018年第1季,0,公噸,0.458,公噸,0.05,公噸,0.035,公噸,完成核算
S3000419,亞泰活塞股份有限公司,2018年第1季,0,公噸,0,公噸,0.188,公噸,0.134,公噸,完成核算
S3000400,盈池企業股份有限公司,2018年第1季,0.698,公噸,0.112,公噸,0.271,公噸,0.228,公噸,完成核算
S3000348,健丞飼料股份有限公司,2018年第1季,0,公噸,4.01,公噸,0,公噸,0.066,公噸,完成核算
S3000286,陵鴻企業有限公司,2018年第1季,0,公噸,0,公噸,0.057,公噸,0.04,公噸,完成核算
S3000259,海光實業股份有限公司,2018年第1季,0,公噸,0,公噸,0.285,公噸,0.198,公噸,完成核算
S3000240,茂新味噌工廠股份有限公司,2018年第1季,0,公噸,0,公噸,0,公噸,0.089,公噸,完成核算
S3000197,佳豐鋁業股份有限公司,2018年第1季,1.157,公噸,0.162,公噸,0.074,公噸,0.372,公噸,完成核算
S3000188,威翔實業股份有限公司,2018年第1季,0,公噸,1.89,公噸,0,公噸,0.064,公噸,完成核算
S29A1796,綠能科技股份有限公司南科分公司,2018年第1季,0.23,公噸,0,公噸,0,公噸,0,公噸,完成核算
S29A1607,群創光電股份有限公司F廠,2018年第1季,19.826,公噸,0.438,公噸,0,公噸,0.45,公噸,完成核算
S29A1499,農生企業股份有限公司,2018年第1季,0,公噸,7.269,公噸,0,公噸,0.232,公噸,完成核算
S29A1182,毅錩金屬股份有限公司路竹廠,2018年第1季,0.037,公噸,0,公噸,1.33,公噸,1.479,公噸,完成核算
S29A1162,聖東鐵桶股份有限公司,2018年第1季,0.34,公噸,0,公噸,0,公噸,0,公噸,完成核算
S29A1122,新揚科技股份有限公司,2018年第1季,16.47,公噸,0,公噸,0,公噸,0.983,公噸,完成核算
S29A1112,臺灣水泥股份有限公司鼓山水泥製品廠路竹分廠,2018年第1季,0,公噸,1.818,公噸,0,公噸,0,公噸,完成季登錄確認
S29A1073,欣鑫砂石行,2018年第1季,0,公噸,0,公噸,0,公噸,0,公噸,完成季登錄確認
S29A1033,昇元鋁業有限公司,2018年第1季,0.176,公噸,0,公噸,0.195,公噸,0.124,公噸,完成核算
S29A1013,世鎧精密股份有限公司路竹廠,2018年第1季,0.277,公噸,0,公噸,0,公噸,0.036,公噸,完成核算
S29A0629,中科鋼鐵股份有限公司路竹廠,2018年第1季,0,公噸,0,公噸,0,公噸,0.501,公噸,完成核算
S29A0619,雅各科技股份有限公司,2018年第1季,2.488,公噸,0.009,公噸,0,公噸,0.097,公噸,完成核算
S29A0342,長興開發科技股份有限公司,2018年第1季,0.141,公噸,0,公噸,0,公噸,0,公噸,完成核算
S2995053,燁輝企業股份有限公司路竹廠,2018年第1季,0.597,公噸,0.013,公噸,0,公噸,0,公噸,完成核算
S2908005,鑫科材料科技股份有限公司路科分公司,2018年第1季,0.42,公噸,0,公噸,0,公噸,0.007,公噸,完成核算
S2907893,良豐不銹鋼管件有限公司,2018年第1季,0,公噸,0,公噸,0,公噸,0.017,公噸,完成核算
S2907697,鼎加工業有限公司,2018年第1季,1.553,公噸,0,公噸,0,公噸,0,公噸,完成核算
S2907679,延鴻工業股份有限公司,2018年第1季,0.273,公噸,0,公噸,0,公噸,0,公噸,完成核算
S2907633,國峰生物科技股份有限公司,2018年第1季,0,公噸,0.011,公噸,0,公噸,0,公噸,完成季登錄確認
S2907624,芊進塑膠興業有限公司,2018年第1季,0.036,公噸,0,公噸,0,公噸,0,公噸,完成核算
S2907473,展璋鋁業有限公司高雄廠,2018年第1季,0.193,公噸,0,公噸,0.696,公噸,0.477,公噸,完成核算
S2906958,瑞展實業有限公司,2018年第1季,5.448,公噸,0,公噸,0,公噸,0.063,公噸,完成核算
S2906476,誌加實業有限公司路竹廠,2018年第1季,0.008,公噸,0,公噸,0.399,公噸,0.277,公噸,完成核算
S2906449,宏穎企業股份有限公司,2018年第1季,0.309,公噸,0,公噸,0.004,公噸,0.055,公噸,完成核算
S2906403,吉勝美工業有限公司,2018年第1季,0.297,公噸,0,公噸,0.015,公噸,0.01,公噸,完成核算
S2906396,銡豐鋁業股份有限公司,2018年第1季,1.931,公噸,0.195,公噸,0.343,公噸,0.618,公噸,完成核算
S2906387,日勝一企業股份有限公司,2018年第1季,0.031,公噸,0,公噸,0,公噸,0,公噸,完成核算
S2902898,健德膠業有限公司,2018年第1季,0,公噸,0,公噸,0,公噸,0,公噸,完成核算
S2902709,福密實業有限公司路竹廠,2018年第1季,0,公噸,0,公噸,0,公噸,0.024,公噸,完成核算
S2902674,誠泰工業科技股份有限公司,2018年第1季,2.358,公噸,0,公噸,0,公噸,0.019,公噸,完成核算
S2902665,延隆工業股份有限公司,2018年第1季,0.142,公噸,4.288,公噸,0.001,公噸,0.013,公噸,完成核算
S2902656,燦和食品工業股份有限公司,2018年第1季,0,公噸,0,公噸,0,公噸,0.083,公噸,完成核算
S2902629,福記冷凍食品股份有限公司,2018年第1季,0,公噸,0,公噸,0,公噸,0.144,公噸,完成核算
S2902530,力漢企業股份有限公司,2018年第1季,0,公噸,2.557,公噸,0.341,公噸,0.236,公噸,完成核算
S2902405,玖長軸承工業股份有限公司,2018年第1季,0.248,公噸,0.356,公噸,0.003,公噸,0.039,公噸,完成核算(粒狀物核算確認中)
S2902307,華泰工業股份有限公司,2018年第1季,0.934,公噸,0.056,公噸,0,公噸,0.231,公噸,完成核算
S2902236,英德工業股份有限公司,2018年第1季,0,公噸,0,公噸,0,公噸,0.016,公噸,完成核算
S2902227,益廣盛工業股份有限公司,2018年第1季,0.126,公噸,0,公噸,0,公噸,0.023,公噸,完成核算
S2902209,震南鐵線股份有限公司二廠,2018年第1季,0,公噸,0,公噸,0.52,公噸,0.393,公噸,完成核算
S2902183,志成股份有限公司高雄廠,2018年第1季,0.005,公噸,0,公噸,0,公噸,0,公噸,完成核算
S2902165,台榮產業股份有限公司高雄廠,2018年第1季,0,公噸,0,公噸,0,公噸,0.037,公噸,完成核算
S2902147,建通精密工業股份有限公司,2018年第1季,0.061,公噸,0,公噸,0,公噸,0,公噸,完成核算
S2902076,光陽工業股份有限公司路竹廠,2018年第1季,0.085,公噸,0,公噸,0.003,公噸,0.046,公噸,完成核算
S2901962,正興活塞股份有限公司,2018年第1季,0.099,公噸,0,公噸,0.072,公噸,0.06,公噸,完成核算
S2901720,臺鍍科技股份有限公司高雄廠,2018年第1季,0.428,公噸,0,公噸,0,公噸,0.309,公噸,完成核算
S2901686,臺鑫食品冷凍事業股份有限公司,2018年第1季,0,公噸,0,公噸,0,公噸,0,公噸,完成核算
S2900929,寬原實業股份有限公司,2018年第1季,0,公噸,0.003,公噸,0,公噸,0.104,公噸,完成核算
S2900910,榮成紙業股份有限公司路竹廠,2018年第1季,0,公噸,0,公噸,0,公噸,0.081,公噸,完成核算
S2900901,川湖科技股份有限公司,2018年第1季,0,公噸,0,公噸,0,公噸,0.06,公噸,完成核算
S2900867,立大農畜興業股份有限公司冷凍食品廠,2018年第1季,0,公噸,0,公噸,0.81,公噸,0.71,公噸,完成核算
S2900849,路竹新益工廠股份有限公司第二廠,2018年第1季,0.68,公噸,0,公噸,0,公噸,0.109,公噸,完成核算
S2900830,竹華工業股份有限公司,2018年第1季,0,公噸,0,公噸,0,公噸,0.048,公噸,完成核算
S2900821,長興材料工業股份有限公司路竹廠,2018年第1季,15.803,公噸,0.914,公噸,0.813,公噸,10.862,公噸,核算確認中
S2900812,合豐工廠股份有限公司,2018年第1季,0.261,公噸,0,公噸,0,公噸,0.021,公噸,完成核算
S2900803,味全食品工業股份有限公司高雄廠,2018年第1季,0,公噸,0,公噸,0,公噸,0.61,公噸,完成核算
S2900787,東豐纖維企業股份有限公司路竹織染廠,2018年第1季,0.668,公噸,0.068,公噸,1.171,公噸,5.456,公噸,完成核算
S2900554,台灣華爾卡工業公司,2018年第1季,1.397,公噸,0,公噸,0.007,公噸,0.006,公噸,完成核算
S2900483,集晟實業股份有限公司二廠,2018年第1季,0.884,公噸,0.005,公噸,0,公噸,0.158,公噸,完成核算
S2900401,盛發企業工廠,2018年第1季,0,公噸,0,公噸,0,公噸,0.004,公噸,完成核算
S2900385,國際農畜股份有限公司,2018年第1季,0,公噸,0,公噸,0,公噸,0,公噸,完成核算
S2900296,洪義成磚瓦廠有限公司,2018年第1季,0.01,公噸,1.327,公噸,0.162,公噸,0.217,公噸,完成核算
S2900232,金菱水泥製品股份有限公司,2018年第1季,0,公噸,0,公噸,0,公噸,0,公噸,完成核算
S2900198,灶興企業股份有限公司,2018年第1季,1.115,公噸,0,公噸,0.965,公噸,1.114,公噸,完成核算
S2900161,合峻鋁業股份有限公司,2018年第1季,0.374,公噸,0.462,公噸,0.042,公噸,0.023,公噸,完成核算
S2900125,正好產業股份有限公司,2018年第1季,0,公噸,0,公噸,0,公噸,0.139,公噸,完成核算
S2900081,三傑飼料股份有限公司,2018年第1季,0,公噸,0,公噸,0.057,公噸,0.04,公噸,完成核算
S2900063,三和合成股份有限公司,2018年第1季,0.635,公噸,0,公噸,0.223,公噸,0.154,公噸,完成核算
S2804851,冰海生物科技有限公司,2018年第1季,0,公噸,0,公噸,0.019,公噸,0.013,公噸,完成核算
S2804717,上品王食品股份有限公司,2018年第1季,0,公噸,0,公噸,0.642,公噸,0.445,公噸,完成核算
S2801289,立州機械有限公司,2018年第1季,0,公噸,0,公噸,0,公噸,0,公噸,完成核算
S2801252,活水食品企業股份有限公司,2018年第1季,0,公噸,0,公噸,0.025,公噸,0.017,公噸,完成核算
S2801047,永豐餘工業用紙股份有限公司高雄廠,2018年第1季,0.97,公噸,0.387,公噸,2.755,公噸,1.811,公噸,完成核算
S2800773,友宏有限公司,2018年第1季,0,公噸,0,公噸,0.068,公噸,0.047,公噸,完成核算
S2800237,協成興化學工業有限公司,2018年第1季,0,公噸,0,公噸,0,公噸,0,公噸,完成核算
S2800200,環球水泥股份有限公司阿蓮廠,2018年第1季,0,公噸,5.052,公噸,0,公噸,0,公噸,完成核算
S2800111,明德食品工業股份有限公司阿蓮廠,2018年第1季,0,公噸,0,公噸,0,公噸,0.023,公噸,完成核算
S26A0822,京福工程有限公司,2018年第1季,0,公噸,0.962,公噸,0,公噸,0,公噸,完成季登錄確認
S26A0793,裕鐵企業股份有限公司岡山三廠,2018年第1季,0.116,公噸,0.029,公噸,0.127,公噸,1.203,公噸,完成核算
S26A0783,鑣鑫企業有限公司,2018年第1季,0.159,公噸,0,公噸,0,公噸,0,公噸,完成核算
S26A0733,綠堤生化科技有限公司,2018年第1季,0,公噸,0,公噸,0,公噸,0,公噸,完成核算
S26A0545,壽元治實業有限公司,2018年第1季,0,公噸,0.062,公噸,0.408,公噸,0.288,公噸,完成核算
S26A0486,康研科技有限公司,2018年第1季,0,公噸,0,公噸,0,公噸,0,公噸,完成核算
S26A0199,勵龍股份有限公司,2018年第1季,0.228,公噸,1.859,公噸,0.26,公噸,0.239,公噸,完成核算
S2605698,歐恪米蘭股份有限公司燕巢廠,2018年第1季,0,公噸,0,公噸,0,公噸,0,公噸,完成核算
S2605330,馥妍生技實業社,2018年第1季,0,公噸,0,公噸,0,公噸,0,公噸,完成核算
S2605232,誠本堂化妝品科技有限公司,2018年第1季,0,公噸,0,公噸,0,公噸,0,公噸,完成核算
S2605214,昭偉工業股份有限公司,2018年第1季,0.208,公噸,0,公噸,0,公噸,0,公噸,完成核算
S2605134,華紐實業有限公司燕巢廠,2018年第1季,0,公噸,0,公噸,0,公噸,0,公噸,完成核算
S2605107,帛禾鐵工廠股份有限公司,2018年第1季,0.38,公噸,0.001,公噸,0,公噸,0.017,公噸,完成核算
S2603649,士昌股份有限公司,2018年第1季,0.054,公噸,0,公噸,0.016,公噸,0.037,公噸,完成核算
S2603514,萬蕙昇股份有限公司高雄廠,2018年第1季,0.336,公噸,0,公噸,0,公噸,0.035,公噸,完成核算
S2603498,泓達化工股份有限公司,2018年第1季,2.084,公噸,0.454,公噸,4.943,公噸,7.623,公噸,完成核算
S2603461,長昱興業有限公司,2018年第1季,4.076,公噸,0,公噸,0.449,公噸,0.347,公噸,完成核算
S2603443,中妘生物科技股份有限公司,2018年第1季,0,公噸,0,公噸,0,公噸,0,公噸,完成核算
S2603390,鼎泰水泥股份有限公司,2018年第1季,0,公噸,3.046,公噸,0,公噸,0,公噸,完成季登錄確認
S2603381,力天企業社燕巢廠,2018年第1季,0,公噸,0,公噸,0.149,公噸,0.103,公噸,完成核算
S2603336,優能生技股份有限公司,2018年第1季,0.004,公噸,0,公噸,0,公噸,0,公噸,完成核算
S2603185,俊宇興業有限公司,2018年第1季,0.384,公噸,0,公噸,0.114,公噸,0.079,公噸,完成核算
S2603176,源騰企業有限公司,2018年第1季,0,公噸,0,公噸,0.228,公噸,0.181,公噸,完成核算
S2603096,億來股份有限公司,2018年第1季,0,公噸,0,公噸,0,公噸,0,公噸,完成核算
S2603078,台灣高速鐵路股份有限公司高鐵燕巢總機廠,2018年第1季,0.679,公噸,0,公噸,0,公噸,0,公噸,完成核算
S2602759,鑫本企業股份有限公司,2018年第1季,0.001,公噸,0,公噸,0,公噸,0,公噸,完成核算
S2602473,裕鐵企業股份有限公司,2018年第1季,6.106,公噸,0.501,公噸,0.959,公噸,6.764,公噸,完成核算
S2602419,南六企業股份有限公司二廠(燕巢廠),2018年第1季,0,公噸,0.468,公噸,5.415,公噸,3.756,公噸,完成核算
S2602339,欣達柏生化科技有限公司,2018年第1季,0.001,公噸,0,公噸,0,公噸,0,公噸,完成核算
S2602302,皆達國際股份有限公司,2018年第1季,0,公噸,0,公噸,0,公噸,0,公噸,完成核算
S2602295,良翊企業社,2018年第1季,0.017,公噸,0,公噸,0,公噸,0,公噸,完成核算
S2602062,興岱化學工廠有限公司,2018年第1季,0,公噸,0,公噸,0,公噸,0,公噸,完成核算
S2602035,葛拉美美容品有限公司燕巢廠,2018年第1季,0.01,公噸,0.008,公噸,0,公噸,0,公噸,完成核算
S2602026,長霖工業股份有限公司,2018年第1季,0.123,公噸,0,公噸,0,公噸,0,公噸,完成核算
S2601976,翔準塑膠有限公司,2018年第1季,0.009,公噸,0,公噸,0,公噸,0,公噸,完成核算
S2601967,益雨塑膠股份有限公司,2018年第1季,0.112,公噸,0,公噸,0,公噸,0,公噸,完成核算
S2601823,強安橡膠股份有限公司,2018年第1季,0.32,公噸,0.129,公噸,0,公噸,0,公噸,完成核算
S2601761,新鷹精器股份有限公司,2018年第1季,6.24,公噸,0,公噸,0,公噸,0,公噸,完成核算
S2601627,燁輝企業股份有限公司燕巢廠,2018年第1季,1.041,公噸,0,公噸,0,公噸,0,公噸,完成核算
S2601618,秀慧股份有限公司二廠,2018年第1季,0,公噸,0,公噸,0,公噸,0,公噸,完成核算
S2601609,恒亞生物科技股份有限公司,2018年第1季,0.001,公噸,0,公噸,0,公噸,0,公噸,完成核算
S2601574,皇沅企業有限公司,2018年第1季,0,公噸,0,公噸,0.247,公噸,0.171,公噸,完成核算
S2601556,宏嘉食品股份有限公司,2018年第1季,0,公噸,0,公噸,0,公噸,0.063,公噸,完成核算
S2601421,福泰興實業有限公司,2018年第1季,0,公噸,0.655,公噸,0,公噸,0,公噸,完成季登錄確認
S2601350,泰成粉廠股份有限公司,2018年第1季,0,公噸,3.367,公噸,0,公噸,0,公噸,完成季登錄確認
S2601234,東遠股份有限公司燕巢廠,2018年第1季,0,公噸,2.858,公噸,0,公噸,0,公噸,完成季登錄確認
S2601216,今泰企業股份有限公司,2018年第1季,0,公噸,0,公噸,0,公噸,0,公噸,完成季登錄確認
S2601163,久盛瀝青工業股份有限公司,2018年第1季,0.038,公噸,0.289,公噸,0.08,公噸,0.066,公噸,完成核算
S2601154,長潤工業股份有限公司,2018年第1季,2.141,公噸,0.265,公噸,0.013,公噸,0.23,公噸,完成核算
S2601038,信旭企業股份有限公司,2018年第1季,0.533,公噸,0,公噸,0,公噸,0.048,公噸,完成核算
S2600979,攸紘企業股份有限公司高雄廠,2018年第1季,0,公噸,0,公噸,0,公噸,0.022,公噸,完成核算
S2600960,正隆股份有限公司燕巢廠,2018年第1季,2.867,公噸,0.001,公噸,0,公噸,0.053,公噸,完成核算
S2600577,瀛新企業股份有限公司,2018年第1季,0.102,公噸,0,公噸,0,公噸,0,公噸,完成核算
S2600568,英屬維京群島商太古可口可樂股份有限公司台灣分公司(高雄廠),2018年第1季,0,公噸,0,公噸,0.008,公噸,0.126,公噸,完成核算
S2600406,萬機鋼鐵工業股份有限公司,2018年第1季,3.598,公噸,0.119,公噸,0.228,公噸,0.158,公噸,完成核算
S2600399,陽旻企業股份有限公司,2018年第1季,0,公噸,0.548,公噸,0,公噸,0.003,公噸,完成核算
S2600371,華宏新技股份有限公司,2018年第1季,0.872,公噸,0.015,公噸,0,公噸,0,公噸,完成核算
S2600362,曾豐美實業有限公司,2018年第1季,0,公噸,0,公噸,0.057,公噸,0.04,公噸,完成核算
S2600353,莊松榮製藥廠有限公司,2018年第1季,0,公噸,0,公噸,0,公噸,0.329,公噸,完成核算
S2600326,郁豐營造有限公司,2018年第1季,0.236,公噸,0.47,公噸,0.316,公噸,0.975,公噸,完成核算
S2600282,南隆鋼鐵股份有限公司高雄廠,2018年第1季,0,公噸,0,公噸,2.364,公噸,1.639,公噸,完成核算
S2600228,易蜂企業股份有限公司,2018年第1季,0,公噸,0,公噸,0,公噸,0,公噸,完成核算
S2600139,台灣家美實業股份有限公司,2018年第1季,0,公噸,0,公噸,0,公噸,0.033,公噸,完成核算
S25A0510,竹路應用材料股份有限公司,2018年第1季,0.509,公噸,0,公噸,0,公噸,0,公噸,完成核算
S25A0144,欣建工業股份有限公司,2018年第1季,0.005,公噸,0.464,公噸,0,公噸,1.212,公噸,完成核算
S25A0035,陸發塑膠股份有限公司,2018年第1季,0.002,公噸,0,公噸,0,公噸,0,公噸,完成核算
S2504730,力傑有限公司,2018年第1季,0.751,公噸,0,公噸,0,公噸,0.004,公噸,完成核算
S2504669,台灣栗田股份有限公司高雄廠,2018年第1季,0.508,公噸,0,公噸,0,公噸,0,公噸,完成核算
S2501622,資勇企業股份有限公司橋頭廠,2018年第1季,0,公噸,0,公噸,0,公噸,0.049,公噸,完成核算
S2501515,啟雍實業股份有限公司,2018年第1季,0,公噸,0,公噸,0.001,公噸,0.023,公噸,完成核算
S2501444,台灣中油股份有限公司行銷事業部高雄營業處橋頭供油中心,2018年第1季,46.183,公噸,0,公噸,0,公噸,0,公噸,完成核算
S2501346,三晶油漆有限公司,2018年第1季,0.442,公噸,0,公噸,0,公噸,0,公噸,完成核算
S2501337,世豐螺絲股份有限公司橋頭廠,2018年第1季,0.89,公噸,0,公噸,0.01,公噸,0.129,公噸,完成核算
S2501328,長順塗料股份有限公司,2018年第1季,0.019,公噸,0.006,公噸,0.029,公噸,0.02,公噸,完成核算
S2501319,毅龍工業股份有限公司,2018年第1季,0,公噸,0,公噸,0,公噸,0,公噸,完成核算
S2501177,久陽精密股份有限公司,2018年第1季,1.013,公噸,0.266,公噸,0,公噸,1.287,公噸,完成核算
S2501168,裕發油脂股份有限公司,2018年第1季,0,公噸,0,公噸,0,公噸,0,公噸,完成核算
S2500536,燁輝企業股份有限公司高雄一廠,2018年第1季,9.242,公噸,0.663,公噸,1.481,公噸,14.571,公噸,完成核算
S2500527,中鴻鋼鐵股份有限公司冷軋廠,2018年第1季,0.077,公噸,0.539,公噸,0.092,公噸,2.748,公噸,完成核算
S2500509,燁輝企業股份有限公司冷軋鋼板廠,2018年第1季,0.001,公噸,0,公噸,0,公噸,0,公噸,完成核算
S2500367,鐘盛銅鐵股份有限公司,2018年第1季,0.013,公噸,0,公噸,0,公噸,0.013,公噸,完成核算
S2500232,健成實業股份有限公司,2018年第1季,0,公噸,0,公噸,0.019,公噸,0.013,公噸,完成核算
S2500214,在仁成企業股份有限公司,2018年第1季,1.986,公噸,20.79,公噸,0.102,公噸,0.048,公噸,完成核算
S2500205,福壽實業股份有限公司高雄廠,2018年第1季,0,公噸,13.204,公噸,0,公噸,0.13,公噸,完成核算
S2500189,南六企業股份有限公司,2018年第1季,0.021,公噸,0,公噸,0,公噸,0,公噸,完成核算
S2500027,三章實業股份有限公司,2018年第1季,0.506,公噸,0,公噸,0.066,公噸,0.046,公噸,完成核算
S24A1018,佳琪食品股份有限公司鳥松廠,2018年第1季,0,公噸,0,公噸,0,公噸,0.015,公噸,完成核算
S24A0030,彩睿材料科技股份有限公司,2018年第1季,0,公噸,0,公噸,0,公噸,0,公噸,完成核算
S2404904,和裕食品行,2018年第1季,0,公噸,0,公噸,0.08,公噸,0.055,公噸,完成核算
S2401396,昌億橡膠工業股份有限公司,2018年第1季,0.002,公噸,0,公噸,0.019,公噸,0.013,公噸,完成核算
S2400773,仁利工業有限公司,2018年第1季,1.313,公噸,0,公噸,0.228,公噸,0.158,公噸,完成核算
S2400746,財團法人台灣敦睦聯誼會高雄圓山大飯店,2018年第1季,0,公噸,0,公噸,0,公噸,0.085,公噸,完成核算
S2400513,長庚醫療財團法人高雄長庚紀念醫院,2018年第1季,0,公噸,0.272,公噸,2.078,公噸,1.194,公噸,完成核算
S2400460,皇佳化學製造股份有限公司,2018年第1季,0,公噸,0,公噸,0.019,公噸,0.013,公噸,完成核算
S2400451,立基工業股份有限公司,2018年第1季,0,公噸,0,公噸,0,公噸,0.352,公噸,完成核算
S2400353,台灣汎生製藥廠股份有限公司,2018年第1季,0,公噸,0,公噸,0,公噸,0,公噸,完成核算
S2400335,集福製革廠有限公司,2018年第1季,0.533,公噸,0,公噸,0.665,公噸,0.461,公噸,完成核算
S2400317,富欣製革廠股份有限公司,2018年第1季,0.672,公噸,0,公噸,0.19,公噸,0.132,公噸,完成核算
S2400148,南海食品股份有限公司,2018年第1季,0,公噸,0,公噸,0.228,公噸,0.158,公噸,完成核算
S23A0302,固特優企業有限公司,2018年第1季,0.337,公噸,0,公噸,0,公噸,0,公噸,完成核算
S23A0144,竑榮實業股份有限公司高雄廠,2018年第1季,0,公噸,1.133,公噸,0,公噸,0,公噸,完成季登錄確認
S23A0124,李長榮化學工業股份有限公司大社廠,2018年第1季,4.006,公噸,0.545,公噸,0,公噸,7.984,公噸,完成核算
S2305764,白紗科技印刷股份有限公司高雄廠,2018年第1季,0.774,公噸,0,公噸,0,公噸,0,公噸,完成核算
S2301122,台灣中油股份有限公司煉製事業部大林煉油廠(觀音儲運課),2018年第1季,45.488,公噸,0,公噸,0,公噸,0,公噸,核算確認中
S2301088,吉霖塑膠股份有限公司,2018年第1季,0.002,公噸,0,公噸,0,公噸,0,公噸,完成核算
